"","id","latitude","longitude"
"1",4601133,47.7103004456,-122.3679733276
"2",6913373,48.0243496245,-122.6784553527
"3",8254344,48.018843,-122.671725
"4",12363639,47.6226150776,-117.0557749808
"5",12563075,46.2137060812,-115.537214935
"6",12969530,47.002998477,-116.677039665
"7",19006459,45.487538793,-122.5718280809
"8",19184654,47.7430914414,-122.3109349687
"9",20544675,48.4761422127,-123.3113130648
"10",25981751,48.4574580791,-123.335596862
"11",26204238,48.4959589876,-123.3322602239
"12",26884358,48.4566683189,-123.324836362
"13",27216264,48.0204805556,-122.6987
"14",27742079,48.7738250189,-123.9218526706
"15",28711929,48.4595301194,-123.3357877623
"16",29603942,48.4579203438,-123.3131297868
"17",32015164,48.4377004757,-123.3262594284
"18",37020791,48.4522189778,-123.3339328835
"19",37281634,48.4656098637,-123.3000747462
"20",48715992,49.2104824,-122.5237505
"21",50208705,45.47232,-122.653725
"22",51552951,49.3392528,-122.9737917
"23",51656142,49.319717218,-122.9689331866
"24",51849686,45.5162883333,-122.5966416667
"25",52964145,47.6509785313,-122.3072987795
"26",52996969,45.5276366667,-122.73137
"27",53230757,49.2409174,-122.8086868
"28",53539955,49.1915136,-122.6040854
"29",53766205,48.4625312452,-123.3567977925
"30",55095755,45.3880116667,-122.8368616667
"31",57555960,49.1847692967,-122.7737085567
"32",57676245,44.8503555556,-121.8456972222
"33",57888423,49.3440217133,-123.0047542833
"34",58576022,49.77567643,-123.1109970667
"35",58862868,49.3902320967,-123.3506584733
"36",60516594,49.3768795717,-123.331412925
"37",61398540,47.6614026155,-122.2832440962
"38",61399467,48.1705133577,-122.1901978925
"39",61400313,47.6751263319,-122.2610672191
"40",61401102,47.6761844239,-122.2620814294
"41",61401305,47.6761706532,-122.2624612972
"42",61401534,48.4179449564,-122.5708103925
"43",61423931,47.6654002946,-122.2830562674
"44",61537163,49.5516249567,-123.2381864917
"45",61624246,47.7494723567,-122.2079986731
"46",61624408,47.750082372,-122.2083493488
"47",61624619,47.750931613,-122.2077266787
"48",61923541,49.6453608117,-123.2046451717
"49",62133383,47.1943095793,-121.9153992088
"50",62139519,47.188739637,-122.3279077002
"51",62243128,48.4605392581,-122.603415996
"52",62250074,48.4631052101,-122.6036728175
"53",62264694,48.4735473851,-122.6052082983
"54",63186072,47.5499451813,-122.2555292119
"55",63253840,47.4873686833,-121.7194069
"56",63255638,47.4874740833,-121.719034
"57",63298788,47.30351667,-122.516525
"58",63298939,47.49236667,-122.06390283
"59",63522352,48.77449167,-122.48045333
"60",63842953,46.9126149119,-122.928994596
"61",63843211,46.9305018039,-122.9364521429
"62",64575034,48.73001167,-122.30381667
"63",64707952,49.3241004942,-122.9444732664
"64",65241620,46.7251093693,-117.0099777327
"65",65344987,47.0751628056,-122.9717604071
"66",65345686,47.0734039722,-122.974052
"67",65346596,47.073191,-122.973572
"68",65827522,47.24783333,-122.48095833
"69",65827983,47.24966333,-122.48195
"70",65828255,47.667575,-122.28566667
"71",65988466,47.869898,-117.15701
"72",66016390,49.213897705,-122.9076461792
"73",66054060,47.7240478,-122.24479483
"74",66054151,47.72321235,-122.24449684
"75",66062190,47.7237474,-122.2460907
"76",66197132,47.54998579,-122.25541078
"77",66312732,47.337491,-122.78079
"78",66362924,48.7561284146,-122.4399149046
"79",66390991,47.5853700039,-121.7307021417
"80",66585862,47.302145,-122.52431333
"81",66835176,47.7725805394,-123.4725164625
"82",66837428,48.0279406462,-122.7745359278
"83",66966170,47.35965333,-122.59307833
"84",66966372,47.35971167,-122.59216333
"85",67182029,47.7023001324,-122.3092648925
"86",67207257,46.72489167,-117.01312222
"87",67542612,47.6252466667,-122.2997966667
"88",67542762,47.635475,-122.3067633333
"89",67548524,47.6256466667,-122.32447
"90",67558333,47.6307916667,-122.3163216667
"91",67590491,47.4658932933,-122.4595996596
"92",67689415,47.5519633333,-122.2535333333
"93",67725403,48.0160669965,-122.6740913852
"94",67737614,47.5526916667,-122.2513966667
"95",67810237,49.1400721667,-123.9437333333
"96",67839053,47.5305116731,-121.9771116667
"97",67931089,45.4870293878,-122.572003305
"98",68079062,47.4666169515,-122.4585582124
"99",68228219,47.5487655278,-122.2830995545
"100",68245512,45.7996305556,-122.6816666667
"101",68245540,45.7996305556,-122.6816666667
"102",68262877,48.5230966667,-123.3922416667
"103",68280669,47.494947,-122.069072
"104",68283750,47.37774577,-121.98251864
"105",68284552,47.3764328664,-121.9804870337
"106",68317487,46.7521083333,-121.8123222222
"107",68317528,46.7498861111,-121.8134277778
"108",68378273,47.2452264559,-122.4858716225
"109",68382043,49.3051834106,-123.0087814331
"110",68382155,49.3054275511,-123.0087966917
"111",68431464,47.6176083333,-122.3131866667
"112",68431725,47.46565,-120.324845
"113",68439913,49.40448,-123.559975
"114",68441859,49.4056783333,-123.5576383333
"115",68471695,49.3424606322,-123.135772705
"116",68476388,49.38953,-123.5527033333
"117",68499123,47.37513916,-122.06213208
"118",68500224,47.37402186,-122.06353545
"119",68502979,47.37528402,-122.06636817
"120",68516263,49.1191833333,-123.987695
"121",68522616,49.3299179075,-122.9988174436
"122",68522813,49.3309783933,-122.9989929197
"123",68523103,49.3142318725,-122.9924468992
"124",68570665,49.13985,-123.9508833333
"125",68571073,49.1434833333,-123.9441966667
"126",68579641,49.3167686461,-122.9893341064
"127",68579840,49.3151702881,-122.9834060667
"128",68579958,49.3361167906,-123.1038208006
"129",68580031,NA,NA
"130",68580064,49.3348503111,-123.1087951658
"131",68580097,NA,NA
"132",68580149,49.3354492186,-123.1105957031
"133",68580268,49.3347854614,-123.1087722778
"134",68615753,48.78845078,-123.25926273
"135",68615871,48.78860374,-123.25902646
"136",68622048,49.3167648314,-122.9522476194
"137",68622120,49.3166275022,-122.9518203733
"138",68628574,48.78857688,-123.25877383
"139",68628652,48.78858687,-123.2584036
"140",68629089,48.78602822,-123.25561992
"141",68646417,48.4652533333,-123.3159116667
"142",68658537,49.2908333333,-123.0491666667
"143",68658762,49.2920875547,-123.0506973264
"144",68658879,49.2918205261,-123.0500946044
"145",68699666,49.3158912658,-123.0074920653
"146",68699838,49.3199043272,-123.0372772217
"147",68699970,49.3182293388,-123.0107101053
"148",68700424,49.3166666667,-123.0105555556
"149",68710615,48.74760947,-123.18361577
"150",68710668,48.74747218,-123.18347626
"151",68729584,47.3788803997,-121.9730033
"152",68730344,47.450698,-122.073259
"153",68737226,47.4225318,-122.0737244
"154",68742200,49.3134727478,-122.9989166258
"155",68742288,49.33297348,-123.0438461303
"156",68742508,49.3332939147,-123.0440216064
"157",68745750,47.6363666667,-122.3068616667
"158",68746053,47.6358866667,-122.307045
"159",68769712,47.6368033333,-122.3067633333
"160",68770643,47.6346133333,-122.3060833333
"161",68782040,49.13295,-123.95398
"162",68782322,49.1394778333,-123.9482416667
"163",68824430,48.4619973456,-123.3271415207
"164",68826674,48.4620358716,-123.3270326412
"165",68828161,48.460970658,-123.3274957437
"166",68870055,47.74183872,-122.13816869
"167",68887396,49.3236808775,-123.0997695922
"168",68937551,47.619858,-122.293119
"169",68982233,49.2102777778,-123.1444444444
"170",68982848,45.4782466667,-122.6722033333
"171",68983264,49.2099342344,-123.14503479
"172",68985916,49.2124328611,-123.1475677489
"173",68986033,49.2130737303,-123.141693115
"174",68987311,49.2078633333,-124.0411528333
"175",69031450,48.4592050362,-123.3358310346
"176",69079934,47.6706215786,-122.3097227422
"177",69100155,47.6795021335,-122.3936154372
"178",69100473,47.679485106,-122.3922885117
"179",69100576,47.6795331343,-122.3918578495
"180",69120460,47.62587,-122.2941133333
"181",69162815,48.4615312504,-123.3188999709
"182",69178256,49.3041534422,-122.9611053467
"183",69232120,48.4616259784,-123.3413791243
"184",69232770,49.3159065244,-123.0062561033
"185",69232973,49.3081665039,-123.0038146972
"186",69236663,47.3700916667,-122.320305
"187",69267891,49.1887092589,-122.7954635619
"188",69268074,49.1900138853,-122.7938842772
"189",69268876,49.2076759336,-122.7697525022
"190",69269086,49.2054443358,-122.7647171019
"191",69269145,49.2060279844,-122.7766036986
"192",69377380,46.9596633333,-123.1019666667
"193",69382016,48.81577454,-123.30467988
"194",69438855,47.5662033333,-122.3074416667
"195",69463782,47.7123031667,-122.3725999722
"196",69478668,49.3262634275,-123.0171051025
"197",69534281,47.631695,-122.2963033333
"198",69595055,49.3157424925,-123.1018371581
"199",69595290,49.3275947569,-123.0863189697
"200",69595515,49.3274345397,-123.0735549925
"201",69689185,49.3091354369,-122.9911499022
"202",69721399,49.2868232725,-122.9521636961
"203",69721567,49.2869148253,-122.9809341431
"204",69770286,49.3178138731,-122.9447402953
"205",69784473,49.2404022217,-122.9594345092
"206",69964682,47.21985,-122.3960333333
"207",69964977,47.1719924371,-122.3142673662
"208",69965459,47.1795583333,-122.3205633333
"209",69971033,47.7549833333,-122.3626333333
"210",69971407,47.7476913109,-122.3608824232
"211",69972018,47.753895,-122.3621966667
"212",70014534,47.4895343664,-122.4733704329
"213",70014877,47.489842706,-122.4727122858
"214",70015042,47.4894727435,-122.4711368233
"215",70015240,47.48921739,-122.47082916
"216",70015410,47.4891528473,-122.470806241
"217",70025028,47.5676333333,-122.0942
"218",70046682,47.37766452,-122.05853367
"219",70064801,45.47808,-122.6536633333
"220",70100910,48.4617837097,-123.3459513337
"221",70115506,48.4458444444,-123.4055333333
"222",70115701,48.4462944444,-123.406875
"223",70115719,48.4464472222,-123.4071444444
"224",70115736,48.4464472222,-123.4070638889
"225",70133946,45.4824362791,-122.7157948539
"226",70145725,49.0138932997,-122.6571849997
"227",70155662,49.0329014,-122.6865643
"228",70155782,49.0324251997,-122.6867404
"229",70156012,49.0372702,-122.6856743997
"230",70156131,49.0374951,-122.6855776
"231",70156277,49.0379219,-122.6863326997
"232",70156394,49.0356754,-122.684178
"233",70158471,49.035713,-122.6847570997
"234",70173063,46.745,-116.990286
"235",70173315,46.745,-116.990286
"236",70209008,47.7121569722,-122.3705740278
"237",70261548,49.1637805,-124.045775
"238",70271934,48.4940500651,-121.5473778361
"239",70272155,48.49388754,-121.5470406321
"240",70284424,45.8516911744,-122.7428368014
"241",70287353,48.4594861111,-123.3334388889
"242",70287841,49.1624666667,-124.0346611667
"243",70346309,48.5862865811,-123.4267072286
"244",70346863,48.5852277372,-123.4269705042
"245",70347039,48.5850626556,-123.4262385126
"246",70347299,48.5847627511,-123.425984541
"247",70347495,48.5847854661,-123.4260540269
"248",70347646,48.582434,-123.426837
"249",70378160,47.866675,-121.671395
"250",70378415,47.8735783333,-121.65162
"251",70380081,45.4903102778,-122.7481347222
"252",70453730,47.64144254,-117.4659364
"253",70475459,47.2888498,-122.27639101
"254",70478984,49.3264007567,-122.9494476317
"255",70523478,47.4661026944,-122.1446225833
"256",70528957,45.8532296727,-122.742680479
"257",70569043,45.8622805453,-122.7444118239
"258",70573673,45.861050209,-122.7463806898
"259",70594617,46.9788383333,-122.3696216667
"260",70594726,46.977305,-122.3704083333
"261",70594778,46.9773216667,-122.3704533333
"262",70594904,46.9776533333,-122.370255
"263",70595016,46.914405,-122.2751216667
"264",70642957,49.3077201842,-123.0621871947
"265",70691696,49.309703756,-123.0392146111
"266",70820202,45.8489773315,-122.7544119642
"267",70832153,48.4939340004,-123.3704023944
"268",70855690,47.680208,-122.256595
"269",70856332,47.680208,-122.256595
"270",70858087,47.67082,-122.307245
"271",71137792,49.0173482,-122.6633489
"272",71158602,49.3108290444,-123.0735740438
"273",71162633,47.0315861667,-122.8867833333
"274",71167547,46.9485358336,-122.8650806566
"275",71169344,46.9478133333,-122.8671633333
"276",71178383,49.5010216667,-123.82978
"277",71182969,49.5017583333,-123.830375
"278",71183091,49.5021466667,-123.8318633333
"279",71185996,48.4927015496,-123.3687003313
"280",71262651,46.7302283333,-116.9976583333
"281",71265935,49.3939883333,-123.5014883333
"282",71266241,49.3937033333,-123.5025333333
"283",71271392,47.7692916667,-122.2832633333
"284",71345061,47.2701116667,-121.9392866667
"285",71346055,49.4295216667,-123.6400833333
"286",71346187,49.4297716667,-123.6401666667
"287",71347153,47.3164133333,-121.9079666667
"288",71363926,49.4272033333,-123.63948
"289",71383170,47.210242,-122.469824
"290",71383174,47.210676,-122.470536
"291",71396943,49.1839742,-121.7439143
"292",71501927,47.3178416667,-122.5401616667
"293",71508181,49.2836154,-122.9375808
"294",71552775,47.956676106,-122.8009181105
"295",71555235,NA,NA
"296",71565664,47.620767,-122.294641
"297",71612477,49.1764216667,-123.9665833333
"298",71666134,49.2910451997,-123.0413693997
"299",71715930,47.2045966667,-122.3959883333
"300",71720072,45.457253,-122.674974
"301",71806396,47.20335,-122.396645
"302",71806938,47.025325,-122.926705
"303",71825898,45.5487888889,-122.4908416667
"304",71829263,49.1963471997,-123.0079067
"305",71855239,47.0249361667,-122.9316716667
"306",71964402,47.6690001414,-122.3064531294
"307",71965329,47.6671937155,-122.3063763512
"308",71965523,47.6659960673,-122.3064768502
"309",71979089,45.336908,-122.69333
"310",72022600,45.447609,-122.689683
"311",72065430,45.3711388889,-122.6151611111
"312",72065774,46.7211133333,-116.97767
"313",72066160,46.7338716667,-116.9890966667
"314",72122740,48.5264266306,-123.3742944907
"315",72123614,48.5264286225,-123.3745040472
"316",72127519,48.5264106016,-123.3735360785
"317",72197393,49.3150212997,-123.0400278997
"318",72216210,45.835125,-122.7500916667
"319",72225862,49.5231083333,-123.76085
"320",72231921,45.460528,-122.738275
"321",72288005,45.5510289722,-122.6162419722
"322",72340913,45.2968220454,-121.7846876448
"323",72340914,45.2968220454,-121.7846876448
"324",72383195,48.0966333333,-123.4551916667
"325",72415023,48.0416555,-123.5904
"326",72455259,48.459907,-122.399951
"327",72496632,40.8759729119,-124.07726537
"328",72544980,45.4732509284,-122.424381897
"329",72559419,48.7763774194,-123.3025827259
"330",72581876,48.0412361667,-123.5904083333
"331",72586545,48.0974471667,-123.4549783333
"332",72587008,48.1138888333,-123.4246216667
"333",72609584,46.9219655342,-122.9079936326
"334",72652403,49.4968033333,-123.7826083333
"335",72728549,45.4814840055,-122.4600563462
"336",72729701,45.4785892837,-122.4576019507
"337",72860248,45.5956055556,-122.7867694444
"338",72905217,45.507138829,-122.6276432512
"339",72963654,40.8800163416,-124.072517383
"340",72973074,47.617,-122.3180616667
"341",73016070,46.8722890138,-123.0240059064
"342",73044020,47.00305744,-122.99857279
"343",73044199,47.00246792,-123.00066241
"344",73044358,47.00243177,-123.00116383
"345",73051714,45.4778379048,-122.4578558673
"346",73075398,47.6571783333,-122.2870633333
"347",73075666,47.6539116667,-122.3080833333
"348",73076517,47.3749311,-122.95905226
"349",73140023,45.5401669303,-122.7231626307
"350",73149192,49.3173189997,-123.0108385997
"351",73166229,48.4855044564,-123.3288446632
"352",73166488,48.4855109478,-123.3286067203
"353",73167293,48.4857309219,-123.3285137748
"354",73231509,48.975968,-123.029366
"355",73412138,47.0304053178,-123.0928886046
"356",73420038,47.0708833333,-122.97632
"357",73427478,47.3174747412,-122.2985423525
"358",73458585,45.3377916667,-122.5918416667
"359",73648037,45.5305315757,-122.7239389467
"360",73648884,45.530548003,-122.72394704
"361",73649028,45.5312833945,-122.7269503479
"362",73651917,45.5323106877,-122.7289356719
"363",73652878,45.5365970925,-122.719349636
"364",73685073,47.6659263298,-122.3067141419
"365",73685232,47.6655803249,-122.3066579831
"366",73685339,47.665534895,-122.3063529656
"367",73692747,48.5031355188,-123.3724722498
"368",73775302,45.5029340438,-122.5055471581
"369",73780982,47.645255,-122.530175
"370",73805528,45.5008972222,-122.50115
"371",73811111,47.6306116667,-122.2943116667
"372",73816352,45.3656944444,-122.594025
"373",73817066,45.3514638889,-122.5965111111
"374",73817579,45.3514611111,-122.5964361111
"375",73956266,47.03231119,-123.09495145
"376",73956371,47.02887894,-123.09284637
"377",73956438,47.02858471,-123.09311972
"378",74067486,49.4231133333,-123.4895333333
"379",74110440,48.4882166667,-124.2905883333
"380",74111027,48.4882166667,-124.2906583333
"381",74116396,44.6132207519,-121.9475018111
"382",74171790,45.4761720216,-122.6842602064
"383",74173604,47.43163503,-121.75977463
"384",74182596,48.80703317,-123.28180188
"385",74182740,47.43098299,-121.74289186
"386",74182835,47.43101293,-121.74289305
"387",74198582,45.7195722222,-123.931375
"388",74202666,47.56667279,-123.35965555
"389",74202711,47.56558488,-123.3683759
"390",74203159,47.53146465,-123.36108681
"391",74265847,48.508582,-123.37185
"392",74266354,48.504326,-123.370267
"393",74266893,48.504326,-123.370267
"394",74274529,45.3677083333,-122.5765472222
"395",74292996,48.36163769,-122.5278773
"396",74297110,45.5170136374,-122.7135728031
"397",74307649,45.6488055556,-122.6608333333
"398",74313531,45.6488055556,-122.6608333333
"399",74314977,45.6491694444,-122.6600527778
"400",74333715,45.5695694444,-122.6061194444
"401",74336075,45.65075,-122.6548888889
"402",74340220,45.65075,-122.6548888889
"403",74341621,45.657025,-122.5866722222
"404",74342017,45.6819,-122.5903611111
"405",74342450,45.6819,-122.5903611111
"406",74342956,45.6819,-122.5903611111
"407",74342998,44.357005,-122.2288133333
"408",74384874,47.836662,-122.622727
"409",74411465,48.4895968196,-123.3905461208
"410",74414285,47.1239821581,-116.6092360765
"411",74414352,47.12408551,-116.60920204
"412",74437654,48.4697749722,-123.3563919722
"413",74438022,48.469799,-123.356385
"414",74438978,48.4450169722,-123.378219
"415",74452160,47.12418186,-116.60946031
"416",74452280,47.12420239,-116.60931331
"417",74452392,47.12421263,-116.60938472
"418",74452550,47.12415099,-116.60945287
"419",74457766,45.3354166667,-122.5735861111
"420",74457795,45.3354166667,-122.5735861111
"421",74457826,45.3354166667,-122.5735861111
"422",74457894,45.3354166667,-122.5735861111
"423",74457907,45.3353944444,-122.5737777778
"424",74457923,45.3353944444,-122.5737777778
"425",74457978,45.3353944444,-122.5737777778
"426",74458002,45.5792722222,-122.5738333333
"427",74458044,45.5792722222,-122.5738333333
"428",74458088,45.5792722222,-122.5738333333
"429",74458168,45.5792722222,-122.5738333333
"430",74458213,45.5792722222,-122.5738333333
"431",74469758,45.5273833333,-121.5210944444
"432",74490570,45.5792722222,-122.5738333333
"433",74490884,45.5792722222,-122.5738333333
"434",74491137,47.12401164,-116.60965673
"435",74491170,47.12403789,-116.60962786
"436",74491214,47.1240182021,-116.6097852588
"437",74491218,45.5792722222,-122.5738333333
"438",74491261,47.1240022333,-116.6097912937
"439",74493312,45.5792722222,-122.5738333333
"440",74532123,48.6695953577,-122.9585015774
"441",74532422,48.6703027782,-122.9675453156
"442",74548406,45.4727783333,-122.5028333333
"443",74576827,47.5259083333,-122.276575
"444",74583964,47.5589850901,-123.376060836
"445",74595969,48.4291809722,-123.350153
"446",74596128,48.432298,-123.349726
"447",74596443,48.4114319722,-123.3573669722
"448",74687478,47.03130335,-122.90982385
"449",74698866,47.5771,-122.40358
"450",74699359,47.57293,-122.3991466667
"451",74699598,47.5744666667,-122.3996666667
"452",74699945,47.575425,-122.4012083333
"453",74700267,47.5720466667,-123.5634916667
"454",74707714,48.4461299722,-123.3580079722
"455",74735203,45.4971461482,-122.6717274863
"456",74744777,49.3779202414,-123.3251195673
"457",74780439,47.4636369339,-121.8466407807
"458",74783046,47.01057731,-116.67737639
"459",74786490,45.4774004167,-122.458059765
"460",74791479,47.01028628,-116.67643465
"461",74791553,47.01138595,-116.6748866
"462",74791625,47.01147865,-116.67545603
"463",74791681,47.01215263,-116.67482198
"464",74791735,47.01326753,-116.67323197
"465",74791794,47.01332833,-116.67269418
"466",74791886,47.013493,-116.672216
"467",74803282,45.5778783333,-122.77842
"468",74803766,45.5757916667,-122.7706616667
"469",74844221,49.015246,-122.6688719
"470",74845160,49.0298722,-122.6927718
"471",74847379,49.0583118,-122.6776531
"472",74847510,49.0528627,-122.6792565
"473",74848913,49.0225226,-122.6714960997
"474",74895710,48.5496466667,-122.6236333333
"475",74905203,46.8186416667,-116.9709383333
"476",74941340,45.4798194444,-122.5152833333
"477",74964390,49.1885396875,-121.7510743961
"478",74984092,45.3273638889,-122.5697166667
"479",75106787,47.3546199718,-122.6024551689
"480",75182060,48.0887124235,-118.0031314865
"481",75247959,47.3808566714,-122.2323468794
"482",75279361,49.3162026997,-123.0567788
"483",75288018,45.3678694444,-122.5778
"484",75288248,45.370975,-122.5780361111
"485",75288741,45.370975,-122.5780361111
"486",75289130,45.3672583333,-122.5823916667
"487",75318152,47.21188,-122.535325
"488",75328214,48.5411462219,-122.1721506491
"489",75331496,47.12512815,-116.6127457
"490",75349356,45.3658027778,-122.5810638889
"491",75364667,48.4759829722,-123.3335679722
"492",75366277,45.3844472222,-122.4195972222
"493",75400898,45.5457583333,-122.5661805556
"494",75402641,45.3839583333,-122.4197555556
"495",75457035,48.5360709355,-123.4302126025
"496",75463849,48.5368670557,-123.4305381018
"497",75466278,48.5372102877,-123.430482321
"498",75511114,45.6492861111,-122.7620833333
"499",75512119,45.6483083333,-122.7636
"500",75518626,47.4657904722,-122.1329766944
"501",75560764,47.3132763133,-122.1864293797
"502",75565908,45.4714091773,-122.721484024
"503",75566490,47.3120585131,-122.1762637329
"504",75567911,45.4712550453,-122.7220161565
"505",75568638,45.4715251786,-122.7225284912
"506",75569027,45.4715810533,-122.720990733
"507",75569298,45.4714437976,-122.722758686
"508",75569485,45.4715431156,-122.7214778681
"509",75569831,45.4715002422,-122.7216917743
"510",75570154,45.4711944284,-122.7220900824
"511",75570844,45.4718017392,-122.7210073919
"512",75571649,NA,NA
"513",75571653,45.4709691231,-122.7219081143
"514",75571770,45.4713502061,-122.7228506563
"515",75572036,45.4712310993,-122.7219676228
"516",75584154,45.4713134766,-122.7219157388
"517",75586671,45.47124686,-122.72188448
"518",75599170,45.5909277778,-122.7545555556
"519",75674889,45.517061,-122.704894
"520",75868865,45.52096159,-122.70200332
"521",75872644,45.5210192688,-122.7017770429
"522",75874917,45.52110358,-122.70148249
"523",75876301,47.12470234,-116.61254897
"524",75983648,45.5726354057,-122.6117502899
"525",76047406,45.296525,-122.3610833333
"526",76049215,45.296525,-122.3610833333
"527",76051057,45.2956833333,-122.3643666667
"528",76051796,45.2951333333,-122.3640361111
"529",76052738,45.2954176374,-122.3622099683
"530",76053291,45.297275,-122.3488722222
"531",76054693,45.2992277778,-122.3586166667
"532",76164481,47.2105833333,-122.5343466667
"533",76168739,47.0708833333,-122.97632
"534",76207008,49.1996737634,-122.4023231426
"535",76299392,45.2949980578,-122.3649766669
"536",76308690,47.5630141622,-122.3514437654
"537",76318112,45.6572007539,-121.8677334386
"538",76342430,45.299425,-122.3543277778
"539",76351038,48.5333106596,-123.4391660219
"540",76386517,45.2993388889,-122.3520416667
"541",76389103,45.2978416667,-122.3496805556
"542",76439466,45.2980361111,-122.3728472222
"543",76443010,45.3075027778,-122.3655861111
"544",76444995,45.3076972222,-122.365125
"545",76447094,45.3065333333,-122.3663833333
"546",76605285,45.4555833333,-122.6732222222
"547",76624870,45.4559138889,-122.6704611111
"548",76629311,45.4566555556,-122.6703138889
"549",76631592,45.4566527778,-122.6710166667
"550",76640463,45.4566944444,-122.6720722222
"551",76666696,45.4554611111,-122.6745638889
"552",76667766,45.4554805556,-122.6745472222
"553",76690954,47.3778633333,-122.9755333333
"554",76696107,45.4555361111,-122.6752611111
"555",76700302,45.3810972222,-122.6280083333
"556",76709504,45.5228880141,-122.7029508447
"557",76722420,45.52352564,-122.70367434
"558",76729758,45.52336763,-122.70390359
"559",76733660,45.3816333333,-122.62775
"560",76734896,47.50143,-122.459145
"561",76754963,45.52332255,-122.70148982
"562",76771331,45.3824805556,-122.6253
"563",76774849,47.59325,-122.1843633333
"564",76776436,47.5331283333,-122.1279611667
"565",76833856,47.526795,-122.1256333333
"566",76838542,45.3813861111,-122.626075
"567",76844604,45.3803972222,-122.6263833333
"568",76846077,45.3802222222,-122.6267277778
"569",76849887,45.303025,-121.8624888889
"570",76851330,45.303025,-121.8624888889
"571",76936569,47.73401047,-123.15418854
"572",76998196,47.3638533333,-123.1645805
"573",77000399,47.3602633333,-123.1567611667
"574",77001270,47.3624083333,-123.1640778333
"575",77001984,47.363455,-123.1600583333
"576",77003271,47.3634533333,-123.1620945
"577",77029607,45.3067194444,-121.7890277778
"578",77043715,49.1091229509,-122.8386877167
"579",77141304,45.2151055556,-121.5205361111
"580",77271971,49.1612445,-123.1962283333
"581",77392708,49.3305184997,-122.9914559997
"582",77494290,47.5393676758,-122.3720645719
"583",77842743,49.2459958997,-122.9333301
"584",77842848,49.2464091,-122.9339274
"585",77848962,48.495877319,-123.3343011746
"586",77931046,45.594787083,-122.7148089169
"587",77949430,49.3101612,-123.0459756
"588",78079304,47.525695,-122.26385
"589",78177706,46.9425666667,-122.976045
"590",78178298,46.95845,-122.9926616667
"591",78250182,49.1832134053,-121.9166852663
"592",78274636,49.2323832,-123.0869792
"593",78385648,45.4284966784,-123.2315582504
"594",78386574,45.4285346065,-123.2313730103
"595",78403242,46.9218883333,-122.2623883333
"596",78404025,46.9219799526,-122.2655187641
"597",78405805,45.4282787489,-123.2315444202
"598",78405834,45.4282627395,-123.232085053
"599",78414054,47.57589743,-122.54718148
"600",78470567,48.444386,-123.3865519722
"601",78474264,49.1847667692,-122.6163391836
"602",78489829,47.3814305803,-122.3192108051
"603",78497841,48.7309837118,-122.4527995661
"604",78532491,48.439953,-123.378713
"605",78535759,54.3182946,-130.3039703
"606",78538515,47.13475368,-116.63154169
"607",78542679,47.8247799722,-123.012994
"608",78549301,46.1813861111,-123.8374833333
"609",78568346,49.1990049133,-122.5238031106
"610",78600923,47.3815871962,-122.3188506347
"611",78602504,54.2663243786,-130.2638121508
"612",78604035,47.3815188418,-122.3187657261
"613",78604361,47.3815242062,-122.3187210505
"614",78609155,46.2487916667,-123.8630027778
"615",78614205,45.8456,-123.7599333333
"616",78620270,45.7809388889,-123.417025
"617",78624632,45.7820055556,-123.4057277778
"618",78625146,47.3819896114,-122.3216067721
"619",78625631,47.3817737743,-122.3214492793
"620",78626609,47.3819594365,-122.3212611024
"621",78626989,47.382038394,-122.3212665507
"622",78627216,47.3819753202,-122.3213478551
"623",78627334,47.3819353804,-122.3213517946
"624",78627406,47.3819497973,-122.3214962987
"625",78627829,47.3818164412,-122.3213363719
"626",78627899,47.3818710074,-122.3213637808
"627",78628293,47.3818702531,-122.321416922
"628",78628463,47.3818681995,-122.3213486095
"629",78629139,47.3818644695,-122.3213473522
"630",78629438,47.381819333,-122.3213439157
"631",78629611,47.3818266672,-122.3213388027
"632",78629848,47.3818492564,-122.3213621044
"633",78632126,47.3818456941,-122.3212929537
"634",78632275,47.3819081393,-122.3212785368
"635",78632335,47.3819007632,-122.3212536426
"636",78632829,47.3819246516,-122.3217543774
"637",78632926,47.3819043674,-122.3217081932
"638",78633395,47.3819080554,-122.3217864801
"639",78633614,47.3819236877,-122.3217979633
"640",78633693,47.3818822811,-122.3219274637
"641",78634103,47.3818918784,-122.3219549564
"642",78780019,47.6261633333,-122.325425
"643",78781760,47.63093,-122.3245783333
"644",78785211,47.0317877876,-122.8870602698
"645",78799651,47.0234305,-122.371925
"646",78799751,46.9999283333,-122.3595283333
"647",78799864,46.9986283333,-122.3590866667
"648",78799974,46.9818333333,-122.357925
"649",78800052,46.9826283333,-122.2825783333
"650",78800152,46.974525,-122.2426616667
"651",78844909,45.3949606798,-122.7738870969
"652",78890579,45.7175888889,-123.9161833333
"653",78891107,45.7187611111,-123.9342222222
"654",78927843,49.3113097997,-123.0173972
"655",78928189,49.3075648,-123.0206368
"656",78943497,45.7879527778,-123.4462333333
"657",79043177,54.2492406769,-130.2002631593
"658",79152102,48.6205736263,-122.9297278449
"659",79177881,48.3927466667,-122.4460133333
"660",79241066,47.541343307,-122.1400124207
"661",79312199,47.4908116667,-121.7264716667
"662",79313397,47.5042716667,-121.7404333333
"663",79314214,47.4965833333,-121.7326666667
"664",79330359,47.645845,-122.5385883333
"665",79403269,45.4887771064,-122.4955972023
"666",79603325,48.4546479722,-123.352856
"667",79687164,47.761247973,-122.4773598836
"668",79689651,47.7612289042,-122.4775213191
"669",79693489,47.7609568792,-122.477128593
"670",79730671,49.3379563,-123.2509091
"671",79734615,45.4341972222,-122.5579833333
"672",79734782,45.4341639126,-122.5578345358
"673",79795380,45.51483,-122.7184133333
"674",79798662,45.5146951808,-122.7183352306
"675",79802035,45.5148046847,-122.7181148242
"676",79805855,45.5143433314,-122.7156651009
"677",79809971,45.5135813552,-122.7194119562
"678",79812540,45.5136650787,-122.7195340483
"679",79852049,48.4852292833,-123.3961022236
"680",79859050,48.4852907005,-123.395706075
"681",79874164,48.4634,-123.4097799722
"682",80027083,48.5420481261,-122.1011530561
"683",80028063,48.5418935698,-122.1014352868
"684",80029654,48.5416747047,-122.1012114064
"685",80036061,48.542944693,-122.0992625589
"686",80037345,48.5427481569,-122.1006682877
"687",80068595,47.4594416667,-121.6123883333
"688",80068716,47.4754116667,-121.6247633333
"689",80069068,47.4897883333,-121.638145
"690",80150464,47.123375,-122.2958666667
"691",80156061,46.9037966667,-122.2977616667
"692",80157099,46.8715283333,-122.335755
"693",80157966,46.8682216667,-122.33985
"694",80158765,46.8594466667,-122.3521333333
"695",80159296,48.4644759722,-123.3468809722
"696",80161723,46.8729666667,-122.332175
"697",80190018,49.5581491,-123.2352118
"698",80190343,49.5519165997,-123.2363358
"699",80256420,47.3090906037,-122.1802914596
"700",80258047,47.2024805556,-122.4519111111
"701",80279776,45.2101972222,-122.2737222222
"702",80280181,45.210625,-122.2711055556
"703",80289561,45.34315,-121.9416916667
"704",80291683,47.766039907,-122.4788183348
"705",80297041,47.7517263495,-122.4783269081
"706",80305174,48.553098,-123.571088
"707",80306022,48.506245,-123.556819
"708",80356718,47.6678019444,-122.3259425
"709",80366005,47.6339383333,-122.2941666667
"710",80366709,47.6282466667,-122.29403
"711",80392535,49.3380296997,-123.0402698
"712",80392698,49.339488,-123.03981
"713",80392816,49.3380969997,-123.0405664
"714",80425190,49.3318471997,-123.0440978997
"715",80436016,45.490249889,-122.2874362675
"716",80528576,45.3430194444,-121.9414111111
"717",80529761,45.1727895308,-121.697967276
"718",80623868,49.044227,-122.85979
"719",80637139,54.3119290145,-130.4020970408
"720",80647843,47.64359717,-122.32025392
"721",80653580,45.5183492555,-122.7153005732
"722",80654989,45.5174792139,-122.7150939592
"723",80685865,48.4566927225,-123.3247789829
"724",80755067,45.5144452132,-122.7186296986
"725",80801854,47.66698347,-122.33171099
"726",80802252,47.66687783,-122.32897739
"727",80985866,47.55221,-122.25647
"728",80987370,47.55373,-122.25378
"729",80995127,49.0647998785,-123.8002065942
"730",80995249,49.06450456,-123.79973982
"731",81097087,45.9808667398,-122.4593215473
"732",81097775,45.9131529522,-122.5852600925
"733",81139901,49.3220883997,-123.0443432
"734",81140152,49.3229804997,-123.0448530997
"735",81140215,49.3220707997,-123.0441112997
"736",81140255,49.3214560997,-123.0443652
"737",81228254,49.3224378997,-122.9710012997
"738",81358872,47.7607675642,-122.4782242255
"739",81363664,47.7627423243,-122.4745063293
"740",81459253,47.7321323836,-122.5525919289
"741",81481815,45.5628666667,-122.8961888889
"742",81482516,45.4983722222,-122.8394138889
"743",81487639,45.4997694444,-122.8448972222
"744",81515211,48.9126446386,-121.9975892252
"745",81615404,46.9792116667,-122.36982
"746",81714595,46.7546383333,-122.9866416667
"747",81714821,46.5511866667,-122.876725
"748",81715045,46.4939616667,-122.8769216667
"749",81715657,45.9559166667,-122.5815666667
"750",81755200,46.976745,-122.3704133333
"751",81910497,45.5102233887,-122.716386357
"752",81933770,48.5164431962,-123.3661628077
"753",81934378,48.5165568622,-123.3661171321
"754",82037896,45.2788743212,-121.6152060404
"755",82096280,45.5000583333,-122.8452
"756",82096361,45.5029416667,-122.842475
"757",82099053,45.5757194444,-122.1118083333
"758",82109949,45.5744916667,-122.1077166667
"759",82112404,47.598295,-121.992675
"760",82113245,47.5961916667,-121.995675
"761",82113818,47.598355,-121.9929666667
"762",82185786,47.7116069058,-122.5793471934
"763",82203093,47.7615898289,-122.4773970154
"764",82220359,47.7613908236,-122.4768622281
"765",82230061,45.4729172867,-122.5040527248
"766",82316681,45.4995888379,-122.8443682195
"767",82319512,45.51400254,-122.71962108
"768",82327258,45.51279488,-122.71597708
"769",82335470,45.5131859,-122.71408798
"770",82336309,45.51308712,-122.71432504
"771",82338709,45.5129284691,-122.7107568273
"772",82345498,45.511869751,-122.7149916162
"773",82350037,45.512407953,-122.715653116
"774",82371091,45.5115514482,-122.7180225124
"775",82371404,45.511552915,-122.7182631568
"776",82383912,45.57565,-122.1143916667
"777",82387275,45.5758638889,-122.1150777778
"778",82395029,45.5769388889,-122.1168027778
"779",82444197,48.4923823233,-123.3657886304
"780",82445420,45.5170283333,-122.7139116667
"781",82447728,47.31803,-122.5431133333
"782",82448623,47.28328,-122.3219833333
"783",82448925,45.5172713176,-122.7130117085
"784",82448987,45.5200605831,-122.7077576404
"785",82449489,45.5168133333,-122.7132783333
"786",82486150,49.3408256,-123.2262912
"787",82492592,45.5165995899,-122.713982787
"788",82494077,45.516205,-122.71435
"789",82693780,45.51645,-122.7148616667
"790",82696271,45.5164983181,-122.7148997428
"791",82745879,47.7608205203,-122.477416649
"792",82752477,45.5179226585,-122.7133889963
"793",82892092,46.9332716667,-122.2665416667
"794",82894831,46.9220866667,-122.2622216667
"795",83022098,47.5344543457,-122.3953664304
"796",83096820,45.5254529622,-122.7157519385
"797",83167574,47.862850721,-122.5146925451
"798",83168797,47.8718109336,-122.5412038342
"799",83196980,47.3112033333,-122.5389333333
"800",83337382,50.21876491,-125.06637234
"801",83348427,47.7047427476,-122.0918460697
"802",83348870,47.7190948239,-122.0511452577
"803",83350322,45.5080638889,-122.7157166667
"804",83415556,47.55218,-122.25359
"805",83416123,45.4648849508,-122.3935955857
"806",83443772,50.22302605,-125.06740439
"807",83452082,50.22266156,-125.06764866
"808",83472951,45.5110972222,-122.7153444444
"809",83473193,45.5182737383,-122.7175647765
"810",83473813,45.508175,-122.7132222222
"811",83562291,45.5115426239,-122.7116828907
"812",83563381,45.5113445539,-122.7121949884
"813",83566783,45.5110283884,-122.71904321
"814",83732062,48.5167539341,-123.3677906068
"815",83800854,50.0874376,-125.3144324
"816",83809392,45.517306,-122.718998
"817",83810196,45.517306,-122.718998
"818",83891414,49.2857816667,-124.37188
"819",83895855,49.2864416667,-124.3712366667
"820",83895856,49.2864566667,-124.3712516667
"821",83897208,49.2859562099,-124.3714820418
"822",83897209,49.2861233333,-124.3717433333
"823",84069353,48.6847490073,-122.9240437412
"824",84087144,48.6234672731,-122.8547254704
"825",84142481,49.3240659,-122.93885
"826",84264013,47.7612003638,-122.4776887895
"827",84320891,45.5113843969,-122.7195812949
"828",84321788,45.5112442933,-122.7196410579
"829",84365621,45.5373633333,-123.00249445
"830",84613520,49.109674,-122.760646
"831",84620183,45.351016,-121.968278
"832",84648895,NA,NA
"833",84733991,48.4723731287,-122.4458573386
"834",84769737,54.3168503232,-130.3200381249
"835",84932614,49.3537686,-123.2678987
"836",84940086,45.570525,-122.1253444444
"837",84968283,45.778175,-122.6704033333
"838",85000753,47.631705,-122.3130716667
"839",85035731,47.1332083333,-122.8002383333
"840",85039935,47.24763,-122.49292
"841",85298626,48.9724433333,-125.6077666667
"842",85409524,49.07611,-125.8455666667
"843",85418178,49.63255944,-125.52924102
"844",85418346,49.87408824,-126.16391271
"845",85418435,50.27450204,-125.42484272
"846",85418556,50.27416385,-125.42346533
"847",85669427,49.115794,-122.770745
"848",85693634,47.672925,-122.2943116667
"849",85694678,47.67402,-122.298425
"850",85830468,48.4147482505,-123.7046259083
"851",85830816,48.4145874856,-123.7042446155
"852",85830934,48.4154140251,-123.698448278
"853",85831032,48.4173541004,-123.6907006335
"854",85831701,48.4176237881,-123.6903554667
"855",85870718,49.2837416667,-124.2302033333
"856",85951101,45.51662688,-122.71450219
"857",85988471,49.275425,-124.1196183333
"858",85989702,49.276675,-124.9263033333
"859",85990724,49.269185,-124.924005
"860",85993500,45.51671999,-122.7180051
"861",86002017,45.4465797125,-122.8711571173
"862",86341189,46.731155,-117.1742783333
"863",86350419,47.6340780321,-122.2991664306
"864",86364022,45.51075,-122.4915694444
"865",86443651,47.0810347768,-122.7813376986
"866",86499162,49.117175,-122.769273
"867",86567573,50.2833265967,-125.1980270818
"868",86581975,45.5159155789,-122.7185351365
"869",86585445,45.5159219648,-122.7190091377
"870",86730250,45.513346016,-122.7195829207
"871",86733691,45.5133719137,-122.7195891503
"872",86735676,45.5135385243,-122.7194133521
"873",86737269,45.5136622377,-122.7193925957
"874",86796350,43.5638338641,-123.3908069506
"875",86808849,49.2729466715,-124.7871085529
"876",86808859,49.2730333333,-124.7873816667
"877",86898029,49.2735383333,-124.7919983333
"878",86907436,49.273585,-124.793965
"879",86907438,49.2739533333,-124.79358
"880",86923184,45.2848444444,-121.878625
"881",87029308,49.320287,-122.9941271
"882",87195425,49.3188659722,-122.9743739722
"883",87621560,47.30458,-122.5161533333
"884",87625497,47.3724466667,-122.2552033333
"885",87674507,49.2925483333,-124.5010883333
"886",87733728,47.6204866667,-122.3300866667
"887",87779139,45.293005,-121.880355
"888",87813195,49.2864516667,-124.5129466667
"889",87949492,47.4626366667,-123.85782
"890",88061558,47.4774283333,-122.0978695
"891",88182512,48.8018609223,-122.198241502
"892",88343303,48.7800531774,-122.1823584661
"893",88449289,48.6809383518,-122.2773599625
"894",88589058,45.5167739722,-122.7179653333
"895",88589921,45.5169217778,-122.7178895
"896",88639769,49.106195,-122.755468
"897",88744515,47.1524416667,-121.681795
"898",88771264,48.8537030857,-121.7949066684
"899",88785771,49.33488,-124.9211833333
"900",88864273,45.5873004673,-122.761043301
"901",88985611,47.3216152263,-122.2999921308
"902",89124620,45.4964751704,-122.2868805473
"903",89124631,45.4965594504,-122.2869015859
"904",89124659,45.4969075509,-122.28790381
"905",89144228,49.3326245605,-124.919018908
"906",89240554,45.3232616667,-122.2886366667
"907",89253731,47.188874,-122.32940942
"908",89262685,47.19470027,-122.15780066
"909",89281926,47.2453633333,-122.4411
"910",89282903,47.1968533333,-122.4554366667
"911",89374851,48.6967361353,-122.6822545007
"912",89398239,45.5169074161,-122.7178410441
"913",89437680,47.7612916667,-122.2968
"914",89489533,48.6812376385,-122.6332371309
"915",89490980,48.6782958295,-122.6286207139
"916",89493524,48.6707664156,-122.6226340234
"917",89498281,48.6596986212,-122.6144459099
"918",89530686,48.717294867,-122.6831486821
"919",89582744,47.517005,-121.6084533333
"920",89669701,48.7895337421,-122.4365658313
"921",89675069,47.6459833333,-122.3352283333
"922",89675673,47.6334416667,-122.3157366667
"923",89710558,45.3503944444,-122.8447361111
"924",89735546,48.4528833333,-115.7682
"925",89737458,45.519549763,-122.7188150183
"926",89861240,49.11346,-122.75949
"927",89893852,45.5178589359,-122.7178966922
"928",89909893,48.5147866667,-122.60247
"929",89912304,48.7350466734,-122.4536612257
"930",89920460,48.7181201827,-122.5039429218
"931",90068303,48.8170175,-123.30232657
"932",90069436,48.8186790775,-123.3037541807
"933",90079880,48.8156051127,-122.2028595954
"934",90081456,48.785754632,-122.1790955588
"935",90089172,45.5176580619,-122.7172489383
"936",90091101,48.3997916667,-122.5709533333
"937",90092376,48.3987383333,-122.5707633333
"938",90093679,48.3972283333,-122.5710666667
"939",90168000,51.4456416667,-116.53543
"940",90172818,48.7957478464,-122.4902120233
"941",90177615,48.8396226736,-122.2973679006
"942",90444489,47.28793203,-122.32732861
"943",90471272,48.9709225996,-122.068163082
"944",90471626,48.9720162115,-122.0701060072
"945",90472304,48.9737363622,-122.0704255253
"946",90473338,48.974056573,-122.0679910854
"947",90578830,48.6616022547,-122.2160838917
"948",90611638,48.7176034495,-122.1893489733
"949",90738744,49.333969,-122.936349
"950",90750461,45.8466482114,-121.9888091478
"951",90817505,45.4744266667,-122.6705816667
"952",90830926,48.8381880881,-122.1656838432
"953",90850004,47.719481,-124.3149329722
"954",91030638,48.8919374173,-122.1500371769
"955",91060842,45.5178567991,-122.7178442015
"956",91150028,48.8181898696,-122.1771130711
"957",91285348,45.8661333333,-122.70475
"958",91298428,45.866255,-122.7044616667
"959",91299562,45.8661033333,-122.7044916667
"960",91422286,45.5135159072,-122.7194336654
"961",91426275,45.5137287014,-122.7197675129
"962",91427678,45.513750073,-122.7197336237
"963",91442960,50.276581576,-118.0351181685
"964",91449372,40.8760078378,-124.0778524026
"965",91477503,45.5174321076,-122.7176315804
"966",91487008,48.48299414,-123.45130764
"967",91491047,49.3993434531,-123.4673496567
"968",91494967,49.322352,-123.143808
"969",91495053,49.3223713,-123.1398039
"970",91568452,48.8465044051,-122.5772413239
"971",91568935,48.8433233656,-122.5874950737
"972",91572373,49.0350437258,-125.3626506647
"973",91669909,49.113388,-122.759189
"974",91671669,48.7396258189,-122.3702301085
"975",91707462,48.7102232747,-122.3312978446
"976",91766020,48.7876996678,-122.4566609412
"977",91922480,48.8331789642,-122.3771103099
"978",92017703,48.9202679852,-122.2904897109
"979",92025339,48.9396033023,-122.1514681354
"980",92029160,48.9672135165,-122.1636597812
"981",92030095,48.94397727,-122.2378614172
"982",92121276,47.1694666667,-122.1659861667
"983",92123906,45.50193,-122.6227416667
"984",92132264,45.5024963869,-122.6351615488
"985",92260974,48.7840507585,-122.4562224001
"986",92304272,47.0388221667,-123.5188133333
"987",92304436,47.246955,-122.4848416667
"988",92375336,48.8365875092,-122.2502961382
"989",92421752,49.13792853,-123.75099035
"990",92491792,47.4318916667,-122.2553033333
"991",92494481,47.43175,-122.2556383333
"992",92494642,47.431655,-122.2558833333
"993",92531613,47.53054067,-122.06905539
"994",92579391,47.52994119,-122.07701636
"995",92579503,47.53012937,-122.07675156
"996",92695744,47.3824366667,-122.3174216667
"997",92700922,48.4408121975,-123.3912630938
"998",92715982,48.7663885239,-122.4651353806
"999",92719575,48.8146136062,-122.3312844336
"1000",92835613,48.9784988188,-122.7322619408
"1001",92837105,48.9579413627,-122.750271298
"1002",92838506,48.9794309667,-122.79054299
"1003",92840637,48.9655041464,-122.7816005051
"1004",92944664,48.9146396498,-121.99874195
"1005",92978438,47.966315,-124.040181
"1006",92979320,47.966315,-124.040181
"1007",93058323,48.611550856,-122.2332708165
"1008",93072429,48.67302,-121.0734416667
"1009",93073576,48.67295,-121.0734166667
"1010",93074037,48.6696583333,-121.2638783333
"1011",93081614,48.5053974423,-122.2466439754
"1012",93084584,47.252575,-122.4829783333
"1013",93084914,47.2525533333,-122.476945
"1014",93085326,48.6638067568,-122.2101189941
"1015",93086413,47.418005,-123.565505
"1016",93086790,47.3923833333,-123.603845
"1017",93088148,48.7708941032,-122.2006595135
"1018",93307318,47.8835760663,-122.6311262326
"1019",93320242,45.487295,-122.5722283333
"1020",93387578,48.598223,-116.967681
"1021",93388172,48.8558685104,-122.3327274621
"1022",93388545,48.8486191759,-122.3115346581
"1023",93413987,48.1908216667,-113.9840083333
"1024",93415321,48.187325,-113.9932033333
"1025",93521760,48.8311577827,-122.3067247868
"1026",93528506,45.5140533333,-122.6009216667
"1027",93743208,48.819525025,-122.1635035425
"1028",93750688,48.7241159786,-122.1742172912
"1029",93750965,48.732638082,-122.12606024
"1030",93796749,48.0248526566,-122.6798538384
"1031",93798041,48.024418535,-122.6795078335
"1032",93798592,48.0243144888,-122.6801193771
"1033",93799295,48.0243431912,-122.6804090557
"1034",93944771,47.380005,-122.3171916667
"1035",93961544,45.5202271689,-123.1103981378
"1036",94061931,48.8385978793,-122.1534083784
"1037",94062055,48.7937907539,-122.1160894632
"1038",94062398,48.7741776245,-122.0595206693
"1039",94062928,48.7763931066,-122.0831210911
"1040",94063481,48.7282299194,-122.1437024698
"1041",94063567,48.7289506703,-122.1426322684
"1042",94121115,48.7587222099,-122.4665626511
"1043",94125114,46.320415,-115.255671
"1044",94145216,48.760749406,-122.4549289048
"1045",94283153,45.5166166667,-122.58335
"1046",94284521,45.5291833333,-122.583595
"1047",94294048,45.5164083333,-122.5853883333
"1048",94295324,45.5095283333,-122.5976416667
"1049",94339857,48.0190404427,-122.6722351203
"1050",94487596,47.195245,-122.4965366667
"1051",94496093,45.5086420058,-122.7147665621
"1052",94517130,48.8234812735,-122.1822531894
"1053",94524940,47.6889617778,-122.1072826389
"1054",94526169,47.6671236944,-122.1472723333
"1055",94526672,40.8749168157,-124.0765538163
"1056",94527200,47.6938412222,-122.0967432778
"1057",94527941,47.6926042778,-122.1124013611
"1058",94528560,47.6923098889,-122.1188613333
"1059",94529579,47.6894394444,-122.1097236667
"1060",94753365,47.4802077469,-122.0790265315
"1061",94772406,47.00504479,-122.8512597
"1062",94829141,48.7491991356,-122.4110198793
"1063",94834038,47.710022,-122.376454
"1064",94854784,48.719242,-122.474633
"1065",95072177,48.8036514177,-122.3496431485
"1066",95192018,48.4066973253,-122.3379306123
"1067",95193268,48.3965605093,-122.5358484685
"1068",95193795,48.3862070304,-122.5020750985
"1069",95301158,48.7187793637,-122.2035908327
"1070",95304470,48.7846598121,-122.1133344993
"1071",95304727,48.7194646373,-122.1988168359
"1072",95317914,45.51568,-122.715625
"1073",95318063,47.5685416667,-120.6033166667
"1074",95319296,45.517306,-122.718998
"1075",95320160,45.517306,-122.718998
"1076",95330503,48.9158229759,-122.1197691187
"1077",95330888,48.924616551,-122.0786934346
"1078",95331997,48.9277236963,-122.0294303074
"1079",95332515,48.8901558074,-121.9464310259
"1080",95333056,48.9020968029,-121.9118231535
