"","ID2","lat","long","el"
"1",4601133,47.71030045,-122.3679733,"."
"2",6913373,48.02434962,-122.6784554,"."
"3",8254344,48.018843,-122.671725,"."
"4",12363639,47.62261508,-117.055775,"."
"5",12563075,46.21370608,-115.5372149,"."
"6",12969530,47.00299848,-116.6770397,"."
"7",19006459,45.48753879,-122.5718281,"."
"8",19184654,47.74309144,-122.310935,"."
"9",20544675,48.47614221,-123.3113131,"."
"10",25981751,48.45745808,-123.3355969,"."
"11",26204238,48.49595899,-123.3322602,"."
"12",26884358,48.45666832,-123.3248364,"."
"13",27216264,48.02048056,-122.6987,"."
"14",27742079,48.77382502,-123.9218527,"."
"15",28711929,48.45953012,-123.3357878,"."
"16",29603942,48.45792034,-123.3131298,"."
"17",32015164,48.43770048,-123.3262594,"."
"18",37020791,48.45221898,-123.3339329,"."
"19",37281634,48.46560986,-123.3000747,"."
"20",48715992,49.2104824,-122.5237505,"."
"21",50208705,45.47232,-122.653725,"."
"22",51552951,49.3392528,-122.9737917,"."
"23",51656142,49.31971722,-122.9689332,"."
"24",51849686,45.51628833,-122.5966417,"."
"25",52964145,47.65097853,-122.3072988,"."
"26",52996969,45.52763667,-122.73137,"."
"27",53230757,49.2409174,-122.8086868,"."
"28",53539955,49.1915136,-122.6040854,"."
"29",53766205,48.46253125,-123.3567978,"."
"30",55095755,45.38801167,-122.8368617,"."
"31",57555960,49.1847693,-122.7737086,"."
"32",57676245,44.85035556,-121.8456972,"."
"33",57888423,49.34402171,-123.0047543,"."
"34",58576022,49.77567643,-123.1109971,"."
"35",58862868,49.3902321,-123.3506585,"."
"36",60516594,49.37687957,-123.3314129,"."
"37",61398540,47.66140262,-122.2832441,"."
"38",61399467,48.17051336,-122.1901979,"."
"39",61400313,47.67512633,-122.2610672,"."
"40",61401102,47.67618442,-122.2620814,"."
"41",61401305,47.67617065,-122.2624613,"."
"42",61401534,48.41794496,-122.5708104,"."
"43",61423931,47.66540029,-122.2830563,"."
"44",61537163,49.55162496,-123.2381865,"."
"45",61624246,47.74947236,-122.2079987,"."
"46",61624408,47.75008237,-122.2083493,"."
"47",61624619,47.75093161,-122.2077267,"."
"48",61923541,49.64536081,-123.2046452,"."
"49",62133383,47.19430958,-121.9153992,"."
"50",62139519,47.18873964,-122.3279077,"."
"51",62243128,48.46053926,-122.603416,"."
"52",62250074,48.46310521,-122.6036728,"."
"53",62264694,48.47354739,-122.6052083,"."
"54",63186072,47.54994518,-122.2555292,"."
"55",63253840,47.48736868,-121.7194069,"."
"56",63255638,47.48747408,-121.719034,"."
"57",63298788,47.30351667,-122.516525,"."
"58",63298939,47.49236667,-122.0639028,"."
"59",63522352,48.77449167,-122.4804533,"."
"60",63842953,46.91261491,-122.9289946,"."
"61",63843211,46.9305018,-122.9364521,"."
"62",64575034,48.73001167,-122.3038167,"."
"63",64707952,49.32410049,-122.9444733,"."
"64",65241620,46.72510937,-117.0099777,"."
"65",65344987,47.07516281,-122.9717604,"."
"66",65345686,47.07340397,-122.974052,"."
"67",65346596,47.073191,-122.973572,"."
"68",65827522,47.24783333,-122.4809583,"."
"69",65827983,47.24966333,-122.48195,"."
"70",65828255,47.667575,-122.2856667,"."
"71",65988466,47.869898,-117.15701,"."
"72",66016390,49.21389771,-122.9076462,"."
"73",66054060,47.7240478,-122.2447948,"."
"74",66054151,47.72321235,-122.2444968,"."
"75",66062190,47.7237474,-122.2460907,"."
"76",66197132,47.54998579,-122.2554108,"."
"77",66312732,47.337491,-122.78079,"."
"78",66362924,48.75612841,-122.4399149,"."
"79",66390991,47.58537,-121.7307021,"."
"80",66585862,47.302145,-122.5243133,"."
"81",66835176,47.77258054,-123.4725165,"."
"82",66837428,48.02794065,-122.7745359,"."
"83",66966170,47.35965333,-122.5930783,"."
"84",66966372,47.35971167,-122.5921633,"."
"85",67182029,47.70230013,-122.3092649,"."
"86",67207257,46.72489167,-117.0131222,"."
"87",67542612,47.62524667,-122.2997967,"."
"88",67542762,47.635475,-122.3067633,"."
"89",67548524,47.62564667,-122.32447,"."
"90",67558333,47.63079167,-122.3163217,"."
"91",67590491,47.46589329,-122.4595997,"."
"92",67689415,47.55196333,-122.2535333,"."
"93",67725403,48.016067,-122.6740914,"."
"94",67737614,47.55269167,-122.2513967,"."
"95",67810237,49.14007217,-123.9437333,"."
"96",67839053,47.53051167,-121.9771117,"."
"97",67931089,45.48702939,-122.5720033,"."
"98",68079062,47.46661695,-122.4585582,"."
"99",68228219,47.54876553,-122.2830996,"."
"100",68245512,45.79963056,-122.6816667,"."
"101",68245540,45.79963056,-122.6816667,"."
"102",68262877,48.52309667,-123.3922417,"."
"103",68280669,47.494947,-122.069072,"."
"104",68283750,47.37774577,-121.9825186,"."
"105",68284552,47.37643287,-121.980487,"."
"106",68317487,46.75210833,-121.8123222,"."
"107",68317528,46.74988611,-121.8134278,"."
"108",68378273,47.24522646,-122.4858716,"."
"109",68382043,49.30518341,-123.0087814,"."
"110",68382155,49.30542755,-123.0087967,"."
"111",68431464,47.61760833,-122.3131867,"."
"112",68431725,47.46565,-120.324845,"."
"113",68439913,49.40448,-123.559975,"."
"114",68441859,49.40567833,-123.5576383,"."
"115",68471695,49.34246063,-123.1357727,"."
"116",68476388,49.38953,-123.5527033,"."
"117",68499123,47.37513916,-122.0621321,"."
"118",68500224,47.37402186,-122.0635355,"."
"119",68502979,47.37528402,-122.0663682,"."
"120",68516263,49.11918333,-123.987695,"."
"121",68522616,49.32991791,-122.9988174,"."
"122",68522813,49.33097839,-122.9989929,"."
"123",68523103,49.31423187,-122.9924469,"."
"124",68570665,49.13985,-123.9508833,"."
"125",68571073,49.14348333,-123.9441967,"."
"126",68579641,49.31676865,-122.9893341,"."
"127",68579840,49.31517029,-122.9834061,"."
"128",68579958,49.33611679,-123.1038208,"."
"129",68580031,NA,NA,"."
"130",68580064,49.33485031,-123.1087952,"."
"131",68580097,NA,NA,"."
"132",68580149,49.33544922,-123.1105957,"."
"133",68580268,49.33478546,-123.1087723,"."
"134",68615753,48.78845078,-123.2592627,"."
"135",68615871,48.78860374,-123.2590265,"."
"136",68622048,49.31676483,-122.9522476,"."
"137",68622120,49.3166275,-122.9518204,"."
"138",68628574,48.78857688,-123.2587738,"."
"139",68628652,48.78858687,-123.2584036,"."
"140",68629089,48.78602822,-123.2556199,"."
"141",68646417,48.46525333,-123.3159117,"."
"142",68658537,49.29083333,-123.0491667,"."
"143",68658762,49.29208755,-123.0506973,"."
"144",68658879,49.29182053,-123.0500946,"."
"145",68699666,49.31589127,-123.0074921,"."
"146",68699838,49.31990433,-123.0372772,"."
"147",68699970,49.31822934,-123.0107101,"."
"148",68700424,49.31666667,-123.0105556,"."
"149",68710615,48.74760947,-123.1836158,"."
"150",68710668,48.74747218,-123.1834763,"."
"151",68729584,47.3788804,-121.9730033,"."
"152",68730344,47.450698,-122.073259,"."
"153",68737226,47.4225318,-122.0737244,"."
"154",68742200,49.31347275,-122.9989166,"."
"155",68742288,49.33297348,-123.0438461,"."
"156",68742508,49.33329391,-123.0440216,"."
"157",68745750,47.63636667,-122.3068617,"."
"158",68746053,47.63588667,-122.307045,"."
"159",68769712,47.63680333,-122.3067633,"."
"160",68770643,47.63461333,-122.3060833,"."
"161",68782040,49.13295,-123.95398,"."
"162",68782322,49.13947783,-123.9482417,"."
"163",68824430,48.46199735,-123.3271415,"."
"164",68826674,48.46203587,-123.3270326,"."
"165",68828161,48.46097066,-123.3274957,"."
"166",68870055,47.74183872,-122.1381687,"."
"167",68887396,49.32368088,-123.0997696,"."
"168",68937551,47.619858,-122.293119,"."
"169",68982233,49.21027778,-123.1444444,"."
"170",68982848,45.47824667,-122.6722033,"."
"171",68983264,49.20993423,-123.1450348,"."
"172",68985916,49.21243286,-123.1475677,"."
"173",68986033,49.21307373,-123.1416931,"."
"174",68987311,49.20786333,-124.0411528,"."
"175",69031450,48.45920504,-123.335831,"."
"176",69079934,47.67062158,-122.3097227,"."
"177",69100155,47.67950213,-122.3936154,"."
"178",69100473,47.67948511,-122.3922885,"."
"179",69100576,47.67953313,-122.3918578,"."
"180",69120460,47.62587,-122.2941133,"."
"181",69162815,48.46153125,-123.3189,"."
"182",69178256,49.30415344,-122.9611053,"."
"183",69232120,48.46162598,-123.3413791,"."
"184",69232770,49.31590652,-123.0062561,"."
"185",69232973,49.3081665,-123.0038147,"."
"186",69236663,47.37009167,-122.320305,"."
"187",69267891,49.18870926,-122.7954636,"."
"188",69268074,49.19001389,-122.7938843,"."
"189",69268876,49.20767593,-122.7697525,"."
"190",69269086,49.20544434,-122.7647171,"."
"191",69269145,49.20602798,-122.7766037,"."
"192",69377380,46.95966333,-123.1019667,"."
"193",69382016,48.81577454,-123.3046799,"."
"194",69438855,47.56620333,-122.3074417,"."
"195",69463782,47.71230317,-122.3726,"."
"196",69478668,49.32626343,-123.0171051,"."
"197",69534281,47.631695,-122.2963033,"."
"198",69595055,49.31574249,-123.1018372,"."
"199",69595290,49.32759476,-123.086319,"."
"200",69595515,49.32743454,-123.073555,"."
"201",69689185,49.30913544,-122.9911499,"."
"202",69721399,49.28682327,-122.9521637,"."
"203",69721567,49.28691483,-122.9809341,"."
"204",69770286,49.31781387,-122.9447403,"."
"205",69784473,49.24040222,-122.9594345,"."
"206",69964682,47.21985,-122.3960333,"."
"207",69964977,47.17199244,-122.3142674,"."
"208",69965459,47.17955833,-122.3205633,"."
"209",69971033,47.75498333,-122.3626333,"."
"210",69971407,47.74769131,-122.3608824,"."
"211",69972018,47.753895,-122.3621967,"."
"212",70014534,47.48953437,-122.4733704,"."
"213",70014877,47.48984271,-122.4727123,"."
"214",70015042,47.48947274,-122.4711368,"."
"215",70015240,47.48921739,-122.4708292,"."
"216",70015410,47.48915285,-122.4708062,"."
"217",70025028,47.56763333,-122.0942,"."
"218",70046682,47.37766452,-122.0585337,"."
"219",70064801,45.47808,-122.6536633,"."
"220",70100910,48.46178371,-123.3459513,"."
"221",70115506,48.44584444,-123.4055333,"."
"222",70115701,48.44629444,-123.406875,"."
"223",70115719,48.44644722,-123.4071444,"."
"224",70115736,48.44644722,-123.4070639,"."
"225",70133946,45.48243628,-122.7157949,"."
"226",70145725,49.0138933,-122.657185,"."
"227",70155662,49.0329014,-122.6865643,"."
"228",70155782,49.0324252,-122.6867404,"."
"229",70156012,49.0372702,-122.6856744,"."
"230",70156131,49.0374951,-122.6855776,"."
"231",70156277,49.0379219,-122.6863327,"."
"232",70156394,49.0356754,-122.684178,"."
"233",70158471,49.035713,-122.6847571,"."
"234",70173063,46.745,-116.990286,"."
"235",70173315,46.745,-116.990286,"."
"236",70209008,47.71215697,-122.370574,"."
"237",70261548,49.1637805,-124.045775,"."
"238",70271934,48.49405007,-121.5473778,"."
"239",70272155,48.49388754,-121.5470406,"."
"240",70284424,45.85169117,-122.7428368,"."
"241",70287353,48.45948611,-123.3334389,"."
"242",70287841,49.16246667,-124.0346612,"."
"243",70346309,48.58628658,-123.4267072,"."
"244",70346863,48.58522774,-123.4269705,"."
"245",70347039,48.58506266,-123.4262385,"."
"246",70347299,48.58476275,-123.4259845,"."
"247",70347495,48.58478547,-123.426054,"."
"248",70347646,48.582434,-123.426837,"."
"249",70378160,47.866675,-121.671395,"."
"250",70378415,47.87357833,-121.65162,"."
"251",70380081,45.49031028,-122.7481347,"."
"252",70453730,47.64144254,-117.4659364,"."
"253",70475459,47.2888498,-122.276391,"."
"254",70478984,49.32640076,-122.9494476,"."
"255",70523478,47.46610269,-122.1446226,"."
"256",70528957,45.85322967,-122.7426805,"."
"257",70569043,45.86228055,-122.7444118,"."
"258",70573673,45.86105021,-122.7463807,"."
"259",70594617,46.97883833,-122.3696217,"."
"260",70594726,46.977305,-122.3704083,"."
"261",70594778,46.97732167,-122.3704533,"."
"262",70594904,46.97765333,-122.370255,"."
"263",70595016,46.914405,-122.2751217,"."
"264",70642957,49.30772018,-123.0621872,"."
"265",70691696,49.30970376,-123.0392146,"."
"266",70820202,45.84897733,-122.754412,"."
"267",70832153,48.493934,-123.3704024,"."
"268",70855690,47.680208,-122.256595,"."
"269",70856332,47.680208,-122.256595,"."
"270",70858087,47.67082,-122.307245,"."
"271",71137792,49.0173482,-122.6633489,"."
"272",71158602,49.31082904,-123.073574,"."
"273",71162633,47.03158617,-122.8867833,"."
"274",71167547,46.94853583,-122.8650807,"."
"275",71169344,46.94781333,-122.8671633,"."
"276",71178383,49.50102167,-123.82978,"."
"277",71182969,49.50175833,-123.830375,"."
"278",71183091,49.50214667,-123.8318633,"."
"279",71185996,48.49270155,-123.3687003,"."
"280",71262651,46.73022833,-116.9976583,"."
"281",71265935,49.39398833,-123.5014883,"."
"282",71266241,49.39370333,-123.5025333,"."
"283",71271392,47.76929167,-122.2832633,"."
"284",71345061,47.27011167,-121.9392867,"."
"285",71346055,49.42952167,-123.6400833,"."
"286",71346187,49.42977167,-123.6401667,"."
"287",71347153,47.31641333,-121.9079667,"."
"288",71363926,49.42720333,-123.63948,"."
"289",71383170,47.210242,-122.469824,"."
"290",71383174,47.210676,-122.470536,"."
"291",71396943,49.1839742,-121.7439143,"."
"292",71501927,47.31784167,-122.5401617,"."
"293",71508181,49.2836154,-122.9375808,"."
"294",71552775,47.95667611,-122.8009181,"."
"295",71555235,NA,NA,"."
"296",71565664,47.620767,-122.294641,"."
"297",71612477,49.17642167,-123.9665833,"."
"298",71666134,49.2910452,-123.0413694,"."
"299",71715930,47.20459667,-122.3959883,"."
"300",71720072,45.457253,-122.674974,"."
"301",71806396,47.20335,-122.396645,"."
"302",71806938,47.025325,-122.926705,"."
"303",71825898,45.54878889,-122.4908417,"."
"304",71829263,49.1963472,-123.0079067,"."
"305",71855239,47.02493617,-122.9316717,"."
"306",71964402,47.66900014,-122.3064531,"."
"307",71965329,47.66719372,-122.3063764,"."
"308",71965523,47.66599607,-122.3064769,"."
"309",71979089,45.336908,-122.69333,"."
"310",72022600,45.447609,-122.689683,"."
"311",72065430,45.37113889,-122.6151611,"."
"312",72065774,46.72111333,-116.97767,"."
"313",72066160,46.73387167,-116.9890967,"."
"314",72122740,48.52642663,-123.3742945,"."
"315",72123614,48.52642862,-123.374504,"."
"316",72127519,48.5264106,-123.3735361,"."
"317",72197393,49.3150213,-123.0400279,"."
"318",72216210,45.835125,-122.7500917,"."
"319",72225862,49.52310833,-123.76085,"."
"320",72231921,45.460528,-122.738275,"."
"321",72288005,45.55102897,-122.616242,"."
"322",72340913,45.29682205,-121.7846876,"."
"323",72340914,45.29682205,-121.7846876,"."
"324",72383195,48.09663333,-123.4551917,"."
"325",72415023,48.0416555,-123.5904,"."
"326",72455259,48.459907,-122.399951,"."
"327",72496632,40.87597291,-124.0772654,"."
"328",72544980,45.47325093,-122.4243819,"."
"329",72559419,48.77637742,-123.3025827,"."
"330",72581876,48.04123617,-123.5904083,"."
"331",72586545,48.09744717,-123.4549783,"."
"332",72587008,48.11388883,-123.4246217,"."
"333",72609584,46.92196553,-122.9079936,"."
"334",72652403,49.49680333,-123.7826083,"."
"335",72728549,45.48148401,-122.4600563,"."
"336",72729701,45.47858928,-122.457602,"."
"337",72860248,45.59560556,-122.7867694,"."
"338",72905217,45.50713883,-122.6276433,"."
"339",72963654,40.88001634,-124.0725174,"."
"340",72973074,47.617,-122.3180617,"."
"341",73016070,46.87228901,-123.0240059,"."
"342",73044020,47.00305744,-122.9985728,"."
"343",73044199,47.00246792,-123.0006624,"."
"344",73044358,47.00243177,-123.0011638,"."
"345",73051714,45.4778379,-122.4578559,"."
"346",73075398,47.65717833,-122.2870633,"."
"347",73075666,47.65391167,-122.3080833,"."
"348",73076517,47.3749311,-122.9590523,"."
"349",73140023,45.54016693,-122.7231626,"."
"350",73149192,49.317319,-123.0108386,"."
"351",73166229,48.48550446,-123.3288447,"."
"352",73166488,48.48551095,-123.3286067,"."
"353",73167293,48.48573092,-123.3285138,"."
"354",73231509,48.975968,-123.029366,"."
"355",73412138,47.03040532,-123.0928886,"."
"356",73420038,47.07088333,-122.97632,"."
"357",73427478,47.31747474,-122.2985424,"."
"358",73458585,45.33779167,-122.5918417,"."
"359",73648037,45.53053158,-122.7239389,"."
"360",73648884,45.530548,-122.723947,"."
"361",73649028,45.53128339,-122.7269503,"."
"362",73651917,45.53231069,-122.7289357,"."
"363",73652878,45.53659709,-122.7193496,"."
"364",73685073,47.66592633,-122.3067141,"."
"365",73685232,47.66558032,-122.306658,"."
"366",73685339,47.6655349,-122.306353,"."
"367",73692747,48.50313552,-123.3724722,"."
"368",73775302,45.50293404,-122.5055472,"."
"369",73780982,47.645255,-122.530175,"."
"370",73805528,45.50089722,-122.50115,"."
"371",73811111,47.63061167,-122.2943117,"."
"372",73816352,45.36569444,-122.594025,"."
"373",73817066,45.35146389,-122.5965111,"."
"374",73817579,45.35146111,-122.5964361,"."
"375",73956266,47.03231119,-123.0949515,"."
"376",73956371,47.02887894,-123.0928464,"."
"377",73956438,47.02858471,-123.0931197,"."
"378",74067486,49.42311333,-123.4895333,"."
"379",74110440,48.48821667,-124.2905883,"."
"380",74111027,48.48821667,-124.2906583,"."
"381",74116396,44.61322075,-121.9475018,"."
"382",74171790,45.47617202,-122.6842602,"."
"383",74173604,47.43163503,-121.7597746,"."
"384",74182596,48.80703317,-123.2818019,"."
"385",74182740,47.43098299,-121.7428919,"."
"386",74182835,47.43101293,-121.7428931,"."
"387",74198582,45.71957222,-123.931375,"."
"388",74202666,47.56667279,-123.3596556,"."
"389",74202711,47.56558488,-123.3683759,"."
"390",74203159,47.53146465,-123.3610868,"."
"391",74265847,48.508582,-123.37185,"."
"392",74266354,48.504326,-123.370267,"."
"393",74266893,48.504326,-123.370267,"."
"394",74274529,45.36770833,-122.5765472,"."
"395",74292996,48.36163769,-122.5278773,"."
"396",74297110,45.51701364,-122.7135728,"."
"397",74307649,45.64880556,-122.6608333,"."
"398",74313531,45.64880556,-122.6608333,"."
"399",74314977,45.64916944,-122.6600528,"."
"400",74333715,45.56956944,-122.6061194,"."
"401",74336075,45.65075,-122.6548889,"."
"402",74340220,45.65075,-122.6548889,"."
"403",74341621,45.657025,-122.5866722,"."
"404",74342017,45.6819,-122.5903611,"."
"405",74342450,45.6819,-122.5903611,"."
"406",74342956,45.6819,-122.5903611,"."
"407",74342998,44.357005,-122.2288133,"."
"408",74384874,47.836662,-122.622727,"."
"409",74411465,48.48959682,-123.3905461,"."
"410",74414285,47.12398216,-116.6092361,"."
"411",74414352,47.12408551,-116.609202,"."
"412",74437654,48.46977497,-123.356392,"."
"413",74438022,48.469799,-123.356385,"."
"414",74438978,48.44501697,-123.378219,"."
"415",74452160,47.12418186,-116.6094603,"."
"416",74452280,47.12420239,-116.6093133,"."
"417",74452392,47.12421263,-116.6093847,"."
"418",74452550,47.12415099,-116.6094529,"."
"419",74457766,45.33541667,-122.5735861,"."
"420",74457795,45.33541667,-122.5735861,"."
"421",74457826,45.33541667,-122.5735861,"."
"422",74457894,45.33541667,-122.5735861,"."
"423",74457907,45.33539444,-122.5737778,"."
"424",74457923,45.33539444,-122.5737778,"."
"425",74457978,45.33539444,-122.5737778,"."
"426",74458002,45.57927222,-122.5738333,"."
"427",74458044,45.57927222,-122.5738333,"."
"428",74458088,45.57927222,-122.5738333,"."
"429",74458168,45.57927222,-122.5738333,"."
"430",74458213,45.57927222,-122.5738333,"."
"431",74469758,45.52738333,-121.5210944,"."
"432",74490570,45.57927222,-122.5738333,"."
"433",74490884,45.57927222,-122.5738333,"."
"434",74491137,47.12401164,-116.6096567,"."
"435",74491170,47.12403789,-116.6096279,"."
"436",74491214,47.1240182,-116.6097853,"."
"437",74491218,45.57927222,-122.5738333,"."
"438",74491261,47.12400223,-116.6097913,"."
"439",74493312,45.57927222,-122.5738333,"."
"440",74532123,48.66959536,-122.9585016,"."
"441",74532422,48.67030278,-122.9675453,"."
"442",74548406,45.47277833,-122.5028333,"."
"443",74576827,47.52590833,-122.276575,"."
"444",74583964,47.55898509,-123.3760608,"."
"445",74595969,48.42918097,-123.350153,"."
"446",74596128,48.432298,-123.349726,"."
"447",74596443,48.41143197,-123.357367,"."
"448",74687478,47.03130335,-122.9098239,"."
"449",74698866,47.5771,-122.40358,"."
"450",74699359,47.57293,-122.3991467,"."
"451",74699598,47.57446667,-122.3996667,"."
"452",74699945,47.575425,-122.4012083,"."
"453",74700267,47.57204667,-123.5634917,"."
"454",74707714,48.44612997,-123.358008,"."
"455",74735203,45.49714615,-122.6717275,"."
"456",74744777,49.37792024,-123.3251196,"."
"457",74780439,47.46363693,-121.8466408,"."
"458",74783046,47.01057731,-116.6773764,"."
"459",74786490,45.47740042,-122.4580598,"."
"460",74791479,47.01028628,-116.6764347,"."
"461",74791553,47.01138595,-116.6748866,"."
"462",74791625,47.01147865,-116.675456,"."
"463",74791681,47.01215263,-116.674822,"."
"464",74791735,47.01326753,-116.673232,"."
"465",74791794,47.01332833,-116.6726942,"."
"466",74791886,47.013493,-116.672216,"."
"467",74803282,45.57787833,-122.77842,"."
"468",74803766,45.57579167,-122.7706617,"."
"469",74844221,49.015246,-122.6688719,"."
"470",74845160,49.0298722,-122.6927718,"."
"471",74847379,49.0583118,-122.6776531,"."
"472",74847510,49.0528627,-122.6792565,"."
"473",74848913,49.0225226,-122.6714961,"."
"474",74895710,48.54964667,-122.6236333,"."
"475",74905203,46.81864167,-116.9709383,"."
"476",74941340,45.47981944,-122.5152833,"."
"477",74964390,49.18853969,-121.7510744,"."
"478",74984092,45.32736389,-122.5697167,"."
"479",75106787,47.35461997,-122.6024552,"."
"480",75182060,48.08871242,-118.0031315,"."
"481",75247959,47.38085667,-122.2323469,"."
"482",75279361,49.3162027,-123.0567788,"."
"483",75288018,45.36786944,-122.5778,"."
"484",75288248,45.370975,-122.5780361,"."
"485",75288741,45.370975,-122.5780361,"."
"486",75289130,45.36725833,-122.5823917,"."
"487",75318152,47.21188,-122.535325,"."
"488",75328214,48.54114622,-122.1721506,"."
"489",75331496,47.12512815,-116.6127457,"."
"490",75349356,45.36580278,-122.5810639,"."
"491",75364667,48.47598297,-123.333568,"."
"492",75366277,45.38444722,-122.4195972,"."
"493",75400898,45.54575833,-122.5661806,"."
"494",75402641,45.38395833,-122.4197556,"."
"495",75457035,48.53607094,-123.4302126,"."
"496",75463849,48.53686706,-123.4305381,"."
"497",75466278,48.53721029,-123.4304823,"."
"498",75511114,45.64928611,-122.7620833,"."
"499",75512119,45.64830833,-122.7636,"."
"500",75518626,47.46579047,-122.1329767,"."
"501",75560764,47.31327631,-122.1864294,"."
"502",75565908,45.47140918,-122.721484,"."
"503",75566490,47.31205851,-122.1762637,"."
"504",75567911,45.47125505,-122.7220162,"."
"505",75568638,45.47152518,-122.7225285,"."
"506",75569027,45.47158105,-122.7209907,"."
"507",75569298,45.4714438,-122.7227587,"."
"508",75569485,45.47154312,-122.7214779,"."
"509",75569831,45.47150024,-122.7216918,"."
"510",75570154,45.47119443,-122.7220901,"."
"511",75570844,45.47180174,-122.7210074,"."
"512",75571649,NA,NA,"."
"513",75571653,45.47096912,-122.7219081,"."
"514",75571770,45.47135021,-122.7228507,"."
"515",75572036,45.4712311,-122.7219676,"."
"516",75584154,45.47131348,-122.7219157,"."
"517",75586671,45.47124686,-122.7218845,"."
"518",75599170,45.59092778,-122.7545556,"."
"519",75674889,45.517061,-122.704894,"."
"520",75868865,45.52096159,-122.7020033,"."
"521",75872644,45.52101927,-122.701777,"."
"522",75874917,45.52110358,-122.7014825,"."
"523",75876301,47.12470234,-116.612549,"."
"524",75983648,45.57263541,-122.6117503,"."
"525",76047406,45.296525,-122.3610833,"."
"526",76049215,45.296525,-122.3610833,"."
"527",76051057,45.29568333,-122.3643667,"."
"528",76051796,45.29513333,-122.3640361,"."
"529",76052738,45.29541764,-122.36221,"."
"530",76053291,45.297275,-122.3488722,"."
"531",76054693,45.29922778,-122.3586167,"."
"532",76164481,47.21058333,-122.5343467,"."
"533",76168739,47.07088333,-122.97632,"."
"534",76207008,49.19967376,-122.4023231,"."
"535",76299392,45.29499806,-122.3649767,"."
"536",76308690,47.56301416,-122.3514438,"."
"537",76318112,45.65720075,-121.8677334,"."
"538",76342430,45.299425,-122.3543278,"."
"539",76351038,48.53331066,-123.439166,"."
"540",76386517,45.29933889,-122.3520417,"."
"541",76389103,45.29784167,-122.3496806,"."
"542",76439466,45.29803611,-122.3728472,"."
"543",76443010,45.30750278,-122.3655861,"."
"544",76444995,45.30769722,-122.365125,"."
"545",76447094,45.30653333,-122.3663833,"."
"546",76605285,45.45558333,-122.6732222,"."
"547",76624870,45.45591389,-122.6704611,"."
"548",76629311,45.45665556,-122.6703139,"."
"549",76631592,45.45665278,-122.6710167,"."
"550",76640463,45.45669444,-122.6720722,"."
"551",76666696,45.45546111,-122.6745639,"."
"552",76667766,45.45548056,-122.6745472,"."
"553",76690954,47.37786333,-122.9755333,"."
"554",76696107,45.45553611,-122.6752611,"."
"555",76700302,45.38109722,-122.6280083,"."
"556",76709504,45.52288801,-122.7029508,"."
"557",76722420,45.52352564,-122.7036743,"."
"558",76729758,45.52336763,-122.7039036,"."
"559",76733660,45.38163333,-122.62775,"."
"560",76734896,47.50143,-122.459145,"."
"561",76754963,45.52332255,-122.7014898,"."
"562",76771331,45.38248056,-122.6253,"."
"563",76774849,47.59325,-122.1843633,"."
"564",76776436,47.53312833,-122.1279612,"."
"565",76833856,47.526795,-122.1256333,"."
"566",76838542,45.38138611,-122.626075,"."
"567",76844604,45.38039722,-122.6263833,"."
"568",76846077,45.38022222,-122.6267278,"."
"569",76849887,45.303025,-121.8624889,"."
"570",76851330,45.303025,-121.8624889,"."
"571",76936569,47.73401047,-123.1541885,"."
"572",76998196,47.36385333,-123.1645805,"."
"573",77000399,47.36026333,-123.1567612,"."
"574",77001270,47.36240833,-123.1640778,"."
"575",77001984,47.363455,-123.1600583,"."
"576",77003271,47.36345333,-123.1620945,"."
"577",77029607,45.30671944,-121.7890278,"."
"578",77043715,49.10912295,-122.8386877,"."
"579",77141304,45.21510556,-121.5205361,"."
"580",77271971,49.1612445,-123.1962283,"."
"581",77392708,49.3305185,-122.991456,"."
"582",77494290,47.53936768,-122.3720646,"."
"583",77842743,49.2459959,-122.9333301,"."
"584",77842848,49.2464091,-122.9339274,"."
"585",77848962,48.49587732,-123.3343012,"."
"586",77931046,45.59478708,-122.7148089,"."
"587",77949430,49.3101612,-123.0459756,"."
"588",78079304,47.525695,-122.26385,"."
"589",78177706,46.94256667,-122.976045,"."
"590",78178298,46.95845,-122.9926617,"."
"591",78250182,49.18321341,-121.9166853,"."
"592",78274636,49.2323832,-123.0869792,"."
"593",78385648,45.42849668,-123.2315583,"."
"594",78386574,45.42853461,-123.231373,"."
"595",78403242,46.92188833,-122.2623883,"."
"596",78404025,46.92197995,-122.2655188,"."
"597",78405805,45.42827875,-123.2315444,"."
"598",78405834,45.42826274,-123.2320851,"."
"599",78414054,47.57589743,-122.5471815,"."
"600",78470567,48.444386,-123.386552,"."
"601",78474264,49.18476677,-122.6163392,"."
"602",78489829,47.38143058,-122.3192108,"."
"603",78497841,48.73098371,-122.4527996,"."
"604",78532491,48.439953,-123.378713,"."
"605",78535759,54.3182946,-130.3039703,"."
"606",78538515,47.13475368,-116.6315417,"."
"607",78542679,47.82477997,-123.012994,"."
"608",78549301,46.18138611,-123.8374833,"."
"609",78568346,49.19900491,-122.5238031,"."
"610",78600923,47.3815872,-122.3188506,"."
"611",78602504,54.26632438,-130.2638122,"."
"612",78604035,47.38151884,-122.3187657,"."
"613",78604361,47.38152421,-122.3187211,"."
"614",78609155,46.24879167,-123.8630028,"."
"615",78614205,45.8456,-123.7599333,"."
"616",78620270,45.78093889,-123.417025,"."
"617",78624632,45.78200556,-123.4057278,"."
"618",78625146,47.38198961,-122.3216068,"."
"619",78625631,47.38177377,-122.3214493,"."
"620",78626609,47.38195944,-122.3212611,"."
"621",78626989,47.38203839,-122.3212666,"."
"622",78627216,47.38197532,-122.3213479,"."
"623",78627334,47.38193538,-122.3213518,"."
"624",78627406,47.3819498,-122.3214963,"."
"625",78627829,47.38181644,-122.3213364,"."
"626",78627899,47.38187101,-122.3213638,"."
"627",78628293,47.38187025,-122.3214169,"."
"628",78628463,47.3818682,-122.3213486,"."
"629",78629139,47.38186447,-122.3213474,"."
"630",78629438,47.38181933,-122.3213439,"."
"631",78629611,47.38182667,-122.3213388,"."
"632",78629848,47.38184926,-122.3213621,"."
"633",78632126,47.38184569,-122.321293,"."
"634",78632275,47.38190814,-122.3212785,"."
"635",78632335,47.38190076,-122.3212536,"."
"636",78632829,47.38192465,-122.3217544,"."
"637",78632926,47.38190437,-122.3217082,"."
"638",78633395,47.38190806,-122.3217865,"."
"639",78633614,47.38192369,-122.321798,"."
"640",78633693,47.38188228,-122.3219275,"."
"641",78634103,47.38189188,-122.321955,"."
"642",78780019,47.62616333,-122.325425,"."
"643",78781760,47.63093,-122.3245783,"."
"644",78785211,47.03178779,-122.8870603,"."
"645",78799651,47.0234305,-122.371925,"."
"646",78799751,46.99992833,-122.3595283,"."
"647",78799864,46.99862833,-122.3590867,"."
"648",78799974,46.98183333,-122.357925,"."
"649",78800052,46.98262833,-122.2825783,"."
"650",78800152,46.974525,-122.2426617,"."
"651",78844909,45.39496068,-122.7738871,"."
"652",78890579,45.71758889,-123.9161833,"."
"653",78891107,45.71876111,-123.9342222,"."
"654",78927843,49.3113098,-123.0173972,"."
"655",78928189,49.3075648,-123.0206368,"."
"656",78943497,45.78795278,-123.4462333,"."
"657",79043177,54.24924068,-130.2002632,"."
"658",79152102,48.62057363,-122.9297278,"."
"659",79177881,48.39274667,-122.4460133,"."
"660",79241066,47.54134331,-122.1400124,"."
"661",79312199,47.49081167,-121.7264717,"."
"662",79313397,47.50427167,-121.7404333,"."
"663",79314214,47.49658333,-121.7326667,"."
"664",79330359,47.645845,-122.5385883,"."
"665",79403269,45.48877711,-122.4955972,"."
"666",79603325,48.45464797,-123.352856,"."
"667",79687164,47.76124797,-122.4773599,"."
"668",79689651,47.7612289,-122.4775213,"."
"669",79693489,47.76095688,-122.4771286,"."
"670",79730671,49.3379563,-123.2509091,"."
"671",79734615,45.43419722,-122.5579833,"."
"672",79734782,45.43416391,-122.5578345,"."
"673",79795380,45.51483,-122.7184133,"."
"674",79798662,45.51469518,-122.7183352,"."
"675",79802035,45.51480468,-122.7181148,"."
"676",79805855,45.51434333,-122.7156651,"."
"677",79809971,45.51358136,-122.719412,"."
"678",79812540,45.51366508,-122.719534,"."
"679",79852049,48.48522928,-123.3961022,"."
"680",79859050,48.4852907,-123.3957061,"."
"681",79874164,48.4634,-123.40978,"."
"682",80027083,48.54204813,-122.1011531,"."
"683",80028063,48.54189357,-122.1014353,"."
"684",80029654,48.5416747,-122.1012114,"."
"685",80036061,48.54294469,-122.0992626,"."
"686",80037345,48.54274816,-122.1006683,"."
"687",80068595,47.45944167,-121.6123883,"."
"688",80068716,47.47541167,-121.6247633,"."
"689",80069068,47.48978833,-121.638145,"."
"690",80150464,47.123375,-122.2958667,"."
"691",80156061,46.90379667,-122.2977617,"."
"692",80157099,46.87152833,-122.335755,"."
"693",80157966,46.86822167,-122.33985,"."
"694",80158765,46.85944667,-122.3521333,"."
"695",80159296,48.46447597,-123.346881,"."
"696",80161723,46.87296667,-122.332175,"."
"697",80190018,49.5581491,-123.2352118,"."
"698",80190343,49.5519166,-123.2363358,"."
"699",80256420,47.3090906,-122.1802915,"."
"700",80258047,47.20248056,-122.4519111,"."
"701",80279776,45.21019722,-122.2737222,"."
"702",80280181,45.210625,-122.2711056,"."
"703",80289561,45.34315,-121.9416917,"."
"704",80291683,47.76603991,-122.4788183,"."
"705",80297041,47.75172635,-122.4783269,"."
"706",80305174,48.553098,-123.571088,"."
"707",80306022,48.506245,-123.556819,"."
"708",80356718,47.66780194,-122.3259425,"."
"709",80366005,47.63393833,-122.2941667,"."
"710",80366709,47.62824667,-122.29403,"."
"711",80392535,49.3380297,-123.0402698,"."
"712",80392698,49.339488,-123.03981,"."
"713",80392816,49.338097,-123.0405664,"."
"714",80425190,49.3318472,-123.0440979,"."
"715",80436016,45.49024989,-122.2874363,"."
"716",80528576,45.34301944,-121.9414111,"."
"717",80529761,45.17278953,-121.6979673,"."
"718",80623868,49.044227,-122.85979,"."
"719",80637139,54.31192901,-130.402097,"."
"720",80647843,47.64359717,-122.3202539,"."
"721",80653580,45.51834926,-122.7153006,"."
"722",80654989,45.51747921,-122.715094,"."
"723",80685865,48.45669272,-123.324779,"."
"724",80755067,45.51444521,-122.7186297,"."
"725",80801854,47.66698347,-122.331711,"."
"726",80802252,47.66687783,-122.3289774,"."
"727",80985866,47.55221,-122.25647,"."
"728",80987370,47.55373,-122.25378,"."
"729",80995127,49.06479988,-123.8002066,"."
"730",80995249,49.06450456,-123.7997398,"."
"731",81097087,45.98086674,-122.4593215,"."
"732",81097775,45.91315295,-122.5852601,"."
"733",81139901,49.3220884,-123.0443432,"."
"734",81140152,49.3229805,-123.0448531,"."
"735",81140215,49.3220708,-123.0441113,"."
"736",81140255,49.3214561,-123.0443652,"."
"737",81228254,49.3224379,-122.9710013,"."
"738",81358872,47.76076756,-122.4782242,"."
"739",81363664,47.76274232,-122.4745063,"."
"740",81459253,47.73213238,-122.5525919,"."
"741",81481815,45.56286667,-122.8961889,"."
"742",81482516,45.49837222,-122.8394139,"."
"743",81487639,45.49976944,-122.8448972,"."
"744",81515211,48.91264464,-121.9975892,"."
"745",81615404,46.97921167,-122.36982,"."
"746",81714595,46.75463833,-122.9866417,"."
"747",81714821,46.55118667,-122.876725,"."
"748",81715045,46.49396167,-122.8769217,"."
"749",81715657,45.95591667,-122.5815667,"."
"750",81755200,46.976745,-122.3704133,"."
"751",81910497,45.51022339,-122.7163864,"."
"752",81933770,48.5164432,-123.3661628,"."
"753",81934378,48.51655686,-123.3661171,"."
"754",82037896,45.27887432,-121.615206,"."
"755",82096280,45.50005833,-122.8452,"."
"756",82096361,45.50294167,-122.842475,"."
"757",82099053,45.57571944,-122.1118083,"."
"758",82109949,45.57449167,-122.1077167,"."
"759",82112404,47.598295,-121.992675,"."
"760",82113245,47.59619167,-121.995675,"."
"761",82113818,47.598355,-121.9929667,"."
"762",82185786,47.71160691,-122.5793472,"."
"763",82203093,47.76158983,-122.477397,"."
"764",82220359,47.76139082,-122.4768622,"."
"765",82230061,45.47291729,-122.5040527,"."
"766",82316681,45.49958884,-122.8443682,"."
"767",82319512,45.51400254,-122.7196211,"."
"768",82327258,45.51279488,-122.7159771,"."
"769",82335470,45.5131859,-122.714088,"."
"770",82336309,45.51308712,-122.714325,"."
"771",82338709,45.51292847,-122.7107568,"."
"772",82345498,45.51186975,-122.7149916,"."
"773",82350037,45.51240795,-122.7156531,"."
"774",82371091,45.51155145,-122.7180225,"."
"775",82371404,45.51155292,-122.7182632,"."
"776",82383912,45.57565,-122.1143917,"."
"777",82387275,45.57586389,-122.1150778,"."
"778",82395029,45.57693889,-122.1168028,"."
"779",82444197,48.49238232,-123.3657886,"."
"780",82445420,45.51702833,-122.7139117,"."
"781",82447728,47.31803,-122.5431133,"."
"782",82448623,47.28328,-122.3219833,"."
"783",82448925,45.51727132,-122.7130117,"."
"784",82448987,45.52006058,-122.7077576,"."
"785",82449489,45.51681333,-122.7132783,"."
"786",82486150,49.3408256,-123.2262912,"."
"787",82492592,45.51659959,-122.7139828,"."
"788",82494077,45.516205,-122.71435,"."
"789",82693780,45.51645,-122.7148617,"."
"790",82696271,45.51649832,-122.7148997,"."
"791",82745879,47.76082052,-122.4774166,"."
"792",82752477,45.51792266,-122.713389,"."
"793",82892092,46.93327167,-122.2665417,"."
"794",82894831,46.92208667,-122.2622217,"."
"795",83022098,47.53445435,-122.3953664,"."
"796",83096820,45.52545296,-122.7157519,"."
"797",83167574,47.86285072,-122.5146925,"."
"798",83168797,47.87181093,-122.5412038,"."
"799",83196980,47.31120333,-122.5389333,"."
"800",83337382,50.21876491,-125.0663723,"."
"801",83348427,47.70474275,-122.0918461,"."
"802",83348870,47.71909482,-122.0511453,"."
"803",83350322,45.50806389,-122.7157167,"."
"804",83415556,47.55218,-122.25359,"."
"805",83416123,45.46488495,-122.3935956,"."
"806",83443772,50.22302605,-125.0674044,"."
"807",83452082,50.22266156,-125.0676487,"."
"808",83472951,45.51109722,-122.7153444,"."
"809",83473193,45.51827374,-122.7175648,"."
"810",83473813,45.508175,-122.7132222,"."
"811",83562291,45.51154262,-122.7116829,"."
"812",83563381,45.51134455,-122.712195,"."
"813",83566783,45.51102839,-122.7190432,"."
"814",83732062,48.51675393,-123.3677906,"."
"815",83800854,50.0874376,-125.3144324,"."
"816",83809392,45.517306,-122.718998,"."
"817",83810196,45.517306,-122.718998,"."
"818",83891414,49.28578167,-124.37188,"."
"819",83895855,49.28644167,-124.3712367,"."
"820",83895856,49.28645667,-124.3712517,"."
"821",83897208,49.28595621,-124.371482,"."
"822",83897209,49.28612333,-124.3717433,"."
"823",84069353,48.68474901,-122.9240437,"."
"824",84087144,48.62346727,-122.8547255,"."
"825",84142481,49.3240659,-122.93885,"."
"826",84264013,47.76120036,-122.4776888,"."
"827",84320891,45.5113844,-122.7195813,"."
"828",84321788,45.51124429,-122.7196411,"."
"829",84365621,45.53736333,-123.0024945,"."
"830",84613520,49.109674,-122.760646,"."
"831",84620183,45.351016,-121.968278,"."
"832",84648895,NA,NA,"."
"833",84733991,48.47237313,-122.4458573,"."
"834",84769737,54.31685032,-130.3200381,"."
"835",84932614,49.3537686,-123.2678987,"."
"836",84940086,45.570525,-122.1253444,"."
"837",84968283,45.778175,-122.6704033,"."
"838",85000753,47.631705,-122.3130717,"."
"839",85035731,47.13320833,-122.8002383,"."
"840",85039935,47.24763,-122.49292,"."
"841",85298626,48.97244333,-125.6077667,"."
"842",85409524,49.07611,-125.8455667,"."
"843",85418178,49.63255944,-125.529241,"."
"844",85418346,49.87408824,-126.1639127,"."
"845",85418435,50.27450204,-125.4248427,"."
"846",85418556,50.27416385,-125.4234653,"."
"847",85669427,49.115794,-122.770745,"."
"848",85693634,47.672925,-122.2943117,"."
"849",85694678,47.67402,-122.298425,"."
"850",85830468,48.41474825,-123.7046259,"."
"851",85830816,48.41458749,-123.7042446,"."
"852",85830934,48.41541403,-123.6984483,"."
"853",85831032,48.4173541,-123.6907006,"."
"854",85831701,48.41762379,-123.6903555,"."
"855",85870718,49.28374167,-124.2302033,"."
"856",85951101,45.51662688,-122.7145022,"."
"857",85988471,49.275425,-124.1196183,"."
"858",85989702,49.276675,-124.9263033,"."
"859",85990724,49.269185,-124.924005,"."
"860",85993500,45.51671999,-122.7180051,"."
"861",86002017,45.44657971,-122.8711571,"."
"862",86341189,46.731155,-117.1742783,"."
"863",86350419,47.63407803,-122.2991664,"."
"864",86364022,45.51075,-122.4915694,"."
"865",86443651,47.08103478,-122.7813377,"."
"866",86499162,49.117175,-122.769273,"."
"867",86567573,50.2833266,-125.1980271,"."
"868",86581975,45.51591558,-122.7185351,"."
"869",86585445,45.51592196,-122.7190091,"."
"870",86730250,45.51334602,-122.7195829,"."
"871",86733691,45.51337191,-122.7195892,"."
"872",86735676,45.51353852,-122.7194134,"."
"873",86737269,45.51366224,-122.7193926,"."
"874",86796350,43.56383386,-123.390807,"."
"875",86808849,49.27294667,-124.7871086,"."
"876",86808859,49.27303333,-124.7873817,"."
"877",86898029,49.27353833,-124.7919983,"."
"878",86907436,49.273585,-124.793965,"."
"879",86907438,49.27395333,-124.79358,"."
"880",86923184,45.28484444,-121.878625,"."
"881",87029308,49.320287,-122.9941271,"."
"882",87195425,49.31886597,-122.974374,"."
"883",87621560,47.30458,-122.5161533,"."
"884",87625497,47.37244667,-122.2552033,"."
"885",87674507,49.29254833,-124.5010883,"."
"886",87733728,47.62048667,-122.3300867,"."
"887",87779139,45.293005,-121.880355,"."
"888",87813195,49.28645167,-124.5129467,"."
"889",87949492,47.46263667,-123.85782,"."
"890",88061558,47.47742833,-122.0978695,"."
"891",88182512,48.80186092,-122.1982415,"."
"892",88343303,48.78005318,-122.1823585,"."
"893",88449289,48.68093835,-122.27736,"."
"894",88589058,45.51677397,-122.7179653,"."
"895",88589921,45.51692178,-122.7178895,"."
"896",88639769,49.106195,-122.755468,"."
"897",88744515,47.15244167,-121.681795,"."
"898",88771264,48.85370309,-121.7949067,"."
"899",88785771,49.33488,-124.9211833,"."
"900",88864273,45.58730047,-122.7610433,"."
"901",88985611,47.32161523,-122.2999921,"."
"902",89124620,45.49647517,-122.2868805,"."
"903",89124631,45.49655945,-122.2869016,"."
"904",89124659,45.49690755,-122.2879038,"."
"905",89144228,49.33262456,-124.9190189,"."
"906",89240554,45.32326167,-122.2886367,"."
"907",89253731,47.188874,-122.3294094,"."
"908",89262685,47.19470027,-122.1578007,"."
"909",89281926,47.24536333,-122.4411,"."
"910",89282903,47.19685333,-122.4554367,"."
"911",89374851,48.69673614,-122.6822545,"."
"912",89398239,45.51690742,-122.717841,"."
"913",89437680,47.76129167,-122.2968,"."
"914",89489533,48.68123764,-122.6332371,"."
"915",89490980,48.67829583,-122.6286207,"."
"916",89493524,48.67076642,-122.622634,"."
"917",89498281,48.65969862,-122.6144459,"."
"918",89530686,48.71729487,-122.6831487,"."
"919",89582744,47.517005,-121.6084533,"."
"920",89669701,48.78953374,-122.4365658,"."
"921",89675069,47.64598333,-122.3352283,"."
"922",89675673,47.63344167,-122.3157367,"."
"923",89710558,45.35039444,-122.8447361,"."
"924",89735546,48.45288333,-115.7682,"."
"925",89737458,45.51954976,-122.718815,"."
"926",89861240,49.11346,-122.75949,"."
"927",89893852,45.51785894,-122.7178967,"."
"928",89909893,48.51478667,-122.60247,"."
"929",89912304,48.73504667,-122.4536612,"."
"930",89920460,48.71812018,-122.5039429,"."
"931",90068303,48.8170175,-123.3023266,"."
"932",90069436,48.81867908,-123.3037542,"."
"933",90079880,48.81560511,-122.2028596,"."
"934",90081456,48.78575463,-122.1790956,"."
"935",90089172,45.51765806,-122.7172489,"."
"936",90091101,48.39979167,-122.5709533,"."
"937",90092376,48.39873833,-122.5707633,"."
"938",90093679,48.39722833,-122.5710667,"."
"939",90168000,51.44564167,-116.53543,"."
"940",90172818,48.79574785,-122.490212,"."
"941",90177615,48.83962267,-122.2973679,"."
"942",90444489,47.28793203,-122.3273286,"."
"943",90471272,48.9709226,-122.0681631,"."
"944",90471626,48.97201621,-122.070106,"."
"945",90472304,48.97373636,-122.0704255,"."
"946",90473338,48.97405657,-122.0679911,"."
"947",90578830,48.66160225,-122.2160839,"."
"948",90611638,48.71760345,-122.189349,"."
"949",90738744,49.333969,-122.936349,"."
"950",90750461,45.84664821,-121.9888091,"."
"951",90817505,45.47442667,-122.6705817,"."
"952",90830926,48.83818809,-122.1656838,"."
"953",90850004,47.719481,-124.314933,"."
"954",91030638,48.89193742,-122.1500372,"."
"955",91060842,45.5178568,-122.7178442,"."
"956",91150028,48.81818987,-122.1771131,"."
"957",91285348,45.86613333,-122.70475,"."
"958",91298428,45.866255,-122.7044617,"."
"959",91299562,45.86610333,-122.7044917,"."
"960",91422286,45.51351591,-122.7194337,"."
"961",91426275,45.5137287,-122.7197675,"."
"962",91427678,45.51375007,-122.7197336,"."
"963",91442960,50.27658158,-118.0351182,"."
"964",91449372,40.87600784,-124.0778524,"."
"965",91477503,45.51743211,-122.7176316,"."
"966",91487008,48.48299414,-123.4513076,"."
"967",91491047,49.39934345,-123.4673497,"."
"968",91494967,49.322352,-123.143808,"."
"969",91495053,49.3223713,-123.1398039,"."
"970",91568452,48.84650441,-122.5772413,"."
"971",91568935,48.84332337,-122.5874951,"."
"972",91572373,49.03504373,-125.3626507,"."
"973",91669909,49.113388,-122.759189,"."
"974",91671669,48.73962582,-122.3702301,"."
"975",91707462,48.71022327,-122.3312978,"."
"976",91766020,48.78769967,-122.4566609,"."
"977",91922480,48.83317896,-122.3771103,"."
"978",92017703,48.92026799,-122.2904897,"."
"979",92025339,48.9396033,-122.1514681,"."
"980",92029160,48.96721352,-122.1636598,"."
"981",92030095,48.94397727,-122.2378614,"."
"982",92121276,47.16946667,-122.1659862,"."
"983",92123906,45.50193,-122.6227417,"."
"984",92132264,45.50249639,-122.6351615,"."
"985",92260974,48.78405076,-122.4562224,"."
"986",92304272,47.03882217,-123.5188133,"."
"987",92304436,47.246955,-122.4848417,"."
"988",92375336,48.83658751,-122.2502961,"."
"989",92421752,49.13792853,-123.7509904,"."
"990",92491792,47.43189167,-122.2553033,"."
"991",92494481,47.43175,-122.2556383,"."
"992",92494642,47.431655,-122.2558833,"."
"993",92531613,47.53054067,-122.0690554,"."
"994",92579391,47.52994119,-122.0770164,"."
"995",92579503,47.53012937,-122.0767516,"."
"996",92695744,47.38243667,-122.3174217,"."
"997",92700922,48.4408122,-123.3912631,"."
"998",92715982,48.76638852,-122.4651354,"."
"999",92719575,48.81461361,-122.3312844,"."
"1000",92835613,48.97849882,-122.7322619,"."
"1001",92837105,48.95794136,-122.7502713,"."
"1002",92838506,48.97943097,-122.790543,"."
"1003",92840637,48.96550415,-122.7816005,"."
"1004",92944664,48.91463965,-121.998742,"."
"1005",92978438,47.966315,-124.040181,"."
"1006",92979320,47.966315,-124.040181,"."
"1007",93058323,48.61155086,-122.2332708,"."
"1008",93072429,48.67302,-121.0734417,"."
"1009",93073576,48.67295,-121.0734167,"."
"1010",93074037,48.66965833,-121.2638783,"."
"1011",93081614,48.50539744,-122.246644,"."
"1012",93084584,47.252575,-122.4829783,"."
"1013",93084914,47.25255333,-122.476945,"."
"1014",93085326,48.66380676,-122.210119,"."
"1015",93086413,47.418005,-123.565505,"."
"1016",93086790,47.39238333,-123.603845,"."
"1017",93088148,48.7708941,-122.2006595,"."
"1018",93307318,47.88357607,-122.6311262,"."
"1019",93320242,45.487295,-122.5722283,"."
"1020",93387578,48.598223,-116.967681,"."
"1021",93388172,48.85586851,-122.3327275,"."
"1022",93388545,48.84861918,-122.3115347,"."
"1023",93413987,48.19082167,-113.9840083,"."
"1024",93415321,48.187325,-113.9932033,"."
"1025",93521760,48.83115778,-122.3067248,"."
"1026",93528506,45.51405333,-122.6009217,"."
"1027",93743208,48.81952503,-122.1635035,"."
"1028",93750688,48.72411598,-122.1742173,"."
"1029",93750965,48.73263808,-122.1260602,"."
"1030",93796749,48.02485266,-122.6798538,"."
"1031",93798041,48.02441854,-122.6795078,"."
"1032",93798592,48.02431449,-122.6801194,"."
"1033",93799295,48.02434319,-122.6804091,"."
"1034",93944771,47.380005,-122.3171917,"."
"1035",93961544,45.52022717,-123.1103981,"."
"1036",94061931,48.83859788,-122.1534084,"."
"1037",94062055,48.79379075,-122.1160895,"."
"1038",94062398,48.77417762,-122.0595207,"."
"1039",94062928,48.77639311,-122.0831211,"."
"1040",94063481,48.72822992,-122.1437025,"."
"1041",94063567,48.72895067,-122.1426323,"."
"1042",94121115,48.75872221,-122.4665627,"."
"1043",94125114,46.320415,-115.255671,"."
"1044",94145216,48.76074941,-122.4549289,"."
"1045",94283153,45.51661667,-122.58335,"."
"1046",94284521,45.52918333,-122.583595,"."
"1047",94294048,45.51640833,-122.5853883,"."
"1048",94295324,45.50952833,-122.5976417,"."
"1049",94339857,48.01904044,-122.6722351,"."
"1050",94487596,47.195245,-122.4965367,"."
"1051",94496093,45.50864201,-122.7147666,"."
"1052",94517130,48.82348127,-122.1822532,"."
"1053",94524940,47.68896178,-122.1072826,"."
"1054",94526169,47.66712369,-122.1472723,"."
"1055",94526672,40.87491682,-124.0765538,"."
"1056",94527200,47.69384122,-122.0967433,"."
"1057",94527941,47.69260428,-122.1124014,"."
"1058",94528560,47.69230989,-122.1188613,"."
"1059",94529579,47.68943944,-122.1097237,"."
"1060",94753365,47.48020775,-122.0790265,"."
"1061",94772406,47.00504479,-122.8512597,"."
"1062",94829141,48.74919914,-122.4110199,"."
"1063",94834038,47.710022,-122.376454,"."
"1064",94854784,48.719242,-122.474633,"."
"1065",95072177,48.80365142,-122.3496431,"."
"1066",95192018,48.40669733,-122.3379306,"."
"1067",95193268,48.39656051,-122.5358485,"."
"1068",95193795,48.38620703,-122.5020751,"."
"1069",95301158,48.71877936,-122.2035908,"."
"1070",95304470,48.78465981,-122.1133345,"."
"1071",95304727,48.71946464,-122.1988168,"."
"1072",95317914,45.51568,-122.715625,"."
"1073",95318063,47.56854167,-120.6033167,"."
"1074",95319296,45.517306,-122.718998,"."
"1075",95320160,45.517306,-122.718998,"."
"1076",95330503,48.91582298,-122.1197691,"."
"1077",95330888,48.92461655,-122.0786934,"."
"1078",95331997,48.9277237,-122.0294303,"."
"1079",95332515,48.89015581,-121.946431,"."
"1080",95333056,48.9020968,-121.9118232,"."
